-- phpMyAdmin SQL Dump
-- version 5.0.2
-- https://www.phpmyadmin.net/
--
-- Host: 127.0.0.1:3306
-- Generation Time: May 14, 2021 at 12:42 AM
-- Server version: 8.0.21
-- PHP Version: 7.3.21

SET SQL_MODE = "NO_AUTO_VALUE_ON_ZERO";
START TRANSACTION;
SET time_zone = "+00:00";


/*!40101 SET @OLD_CHARACTER_SET_CLIENT=@@CHARACTER_SET_CLIENT */;
/*!40101 SET @OLD_CHARACTER_SET_RESULTS=@@CHARACTER_SET_RESULTS */;
/*!40101 SET @OLD_COLLATION_CONNECTION=@@COLLATION_CONNECTION */;
/*!40101 SET NAMES utf8mb4 */;

--
-- Database: `gotaquestion`
--

-- --------------------------------------------------------

--
-- Table structure for table `catagories`
--

DROP TABLE IF EXISTS `catagories`;
CREATE TABLE IF NOT EXISTS `catagories` (
  `catagoriesid` int NOT NULL AUTO_INCREMENT,
  `catagories` varchar(50) CHARACTER SET utf8mb4 COLLATE utf8mb4_0900_ai_ci NOT NULL,
  PRIMARY KEY (`catagoriesid`)
) ENGINE=InnoDB AUTO_INCREMENT=9 DEFAULT CHARSET=latin1;

--
-- Dumping data for table `catagories`
--

INSERT INTO `catagories` (`catagoriesid`, `catagories`) VALUES
(1, 'Project 1'),
(2, '	\r\nProject 2'),
(3, '	\r\nProject 3'),
(4, '	\r\nProject 4'),
(5, 'UX 1'),
(6, 'UX 2'),
(7, 'UX 3'),
(8, 'Uncategorised');

-- --------------------------------------------------------

--
-- Table structure for table `log`
--

DROP TABLE IF EXISTS `log`;
CREATE TABLE IF NOT EXISTS `log` (
  `logid` int NOT NULL AUTO_INCREMENT,
  `timestamp` datetime NOT NULL DEFAULT CURRENT_TIMESTAMP,
  `ip` varchar(50) NOT NULL,
  `browser` varchar(300) NOT NULL,
  `activity` varchar(300) NOT NULL,
  `loginid` int NOT NULL,
  PRIMARY KEY (`logid`),
  KEY `FK_LoginID` (`loginid`)
) ENGINE=InnoDB AUTO_INCREMENT=7987 DEFAULT CHARSET=latin1;

--
-- Dumping data for table `log`
--

INSERT INTO `log` (`logid`, `timestamp`, `ip`, `browser`, `activity`, `loginid`) VALUES
(7445, '2021-05-04 13:28:05', '::1', 'Mozilla/5.0 (Windows NT 10.0; Win64; x64) AppleWebKit/537.36 (KHTML, like Gecko) Chrome/90.0.4430.93 Safari/537.36', 'viewgraph', 2),
(7446, '2021-05-04 13:28:05', '::1', 'Mozilla/5.0 (Windows NT 10.0; Win64; x64) AppleWebKit/537.36 (KHTML, like Gecko) Chrome/90.0.4430.93 Safari/537.36', 'viewquestion', 2),
(7447, '2021-05-04 13:28:12', '::1', 'Mozilla/5.0 (Windows NT 10.0; Win64; x64) AppleWebKit/537.36 (KHTML, like Gecko) Chrome/90.0.4430.93 Safari/537.36', 'viewuser', 2),
(7448, '2021-05-04 13:29:46', '::1', 'Mozilla/5.0 (Linux; Android 6.0.1; Moto G (4)) AppleWebKit/537.36 (KHTML, like Gecko) Chrome/90.0.4430.93 Mobile Safari/537.36', 'viewgraph', 2),
(7449, '2021-05-04 13:29:46', '::1', 'Mozilla/5.0 (Linux; Android 6.0.1; Moto G (4)) AppleWebKit/537.36 (KHTML, like Gecko) Chrome/90.0.4430.93 Mobile Safari/537.36', 'viewquestion', 2),
(7450, '2021-05-09 20:31:06', '::1', 'Mozilla/5.0 (Windows NT 10.0; Win64; x64) AppleWebKit/537.36 (KHTML, like Gecko) Chrome/90.0.4430.93 Safari/537.36', 'loginsuccess', 2),
(7451, '2021-05-09 20:31:06', '::1', 'Mozilla/5.0 (Windows NT 10.0; Win64; x64) AppleWebKit/537.36 (KHTML, like Gecko) Chrome/90.0.4430.93 Safari/537.36', 'viewquestion', 2),
(7452, '2021-05-10 10:20:08', '::1', 'Mozilla/5.0 (Windows NT 10.0; Win64; x64) AppleWebKit/537.36 (KHTML, like Gecko) Chrome/90.0.4430.93 Safari/537.36', 'loginsuccess', 1),
(7453, '2021-05-10 10:20:08', '::1', 'Mozilla/5.0 (Windows NT 10.0; Win64; x64) AppleWebKit/537.36 (KHTML, like Gecko) Chrome/90.0.4430.93 Safari/537.36', 'viewgraph', 1),
(7454, '2021-05-10 10:20:08', '::1', 'Mozilla/5.0 (Windows NT 10.0; Win64; x64) AppleWebKit/537.36 (KHTML, like Gecko) Chrome/90.0.4430.93 Safari/537.36', 'viewquestion', 1),
(7455, '2021-05-10 10:58:37', '::1', 'Mozilla/5.0 (Windows NT 10.0; Win64; x64) AppleWebKit/537.36 (KHTML, like Gecko) Chrome/90.0.4430.93 Safari/537.36', 'viewgraph', 1),
(7456, '2021-05-10 10:58:37', '::1', 'Mozilla/5.0 (Windows NT 10.0; Win64; x64) AppleWebKit/537.36 (KHTML, like Gecko) Chrome/90.0.4430.93 Safari/537.36', 'viewquestion', 1),
(7457, '2021-05-10 10:58:44', '::1', 'Mozilla/5.0 (Windows NT 10.0; Win64; x64) AppleWebKit/537.36 (KHTML, like Gecko) Chrome/90.0.4430.93 Safari/537.36', 'viewgraph', 1),
(7458, '2021-05-10 10:58:44', '::1', 'Mozilla/5.0 (Windows NT 10.0; Win64; x64) AppleWebKit/537.36 (KHTML, like Gecko) Chrome/90.0.4430.93 Safari/537.36', 'viewquestion', 1),
(7459, '2021-05-10 10:59:05', '::1', 'Mozilla/5.0 (Windows NT 10.0; Win64; x64) AppleWebKit/537.36 (KHTML, like Gecko) Chrome/90.0.4430.93 Safari/537.36', 'viewgraph', 1),
(7460, '2021-05-10 10:59:05', '::1', 'Mozilla/5.0 (Windows NT 10.0; Win64; x64) AppleWebKit/537.36 (KHTML, like Gecko) Chrome/90.0.4430.93 Safari/537.36', 'viewquestion', 1),
(7461, '2021-05-10 11:00:55', '::1', 'Mozilla/5.0 (Windows NT 10.0; Win64; x64) AppleWebKit/537.36 (KHTML, like Gecko) Chrome/90.0.4430.93 Safari/537.36', 'viewuser', 1),
(7462, '2021-05-10 11:56:10', '::1', 'Mozilla/5.0 (Windows NT 10.0; Win64; x64) AppleWebKit/537.36 (KHTML, like Gecko) Chrome/90.0.4430.93 Safari/537.36', 'loginsuccess', 2),
(7463, '2021-05-10 11:56:10', '::1', 'Mozilla/5.0 (Windows NT 10.0; Win64; x64) AppleWebKit/537.36 (KHTML, like Gecko) Chrome/90.0.4430.93 Safari/537.36', 'viewquestion', 2),
(7464, '2021-05-10 11:56:25', '::1', 'Mozilla/5.0 (Windows NT 10.0; Win64; x64) AppleWebKit/537.36 (KHTML, like Gecko) Chrome/90.0.4430.93 Safari/537.36', 'loginsuccess', 1),
(7465, '2021-05-10 11:56:25', '::1', 'Mozilla/5.0 (Windows NT 10.0; Win64; x64) AppleWebKit/537.36 (KHTML, like Gecko) Chrome/90.0.4430.93 Safari/537.36', 'viewgraph', 1),
(7466, '2021-05-10 11:56:25', '::1', 'Mozilla/5.0 (Windows NT 10.0; Win64; x64) AppleWebKit/537.36 (KHTML, like Gecko) Chrome/90.0.4430.93 Safari/537.36', 'viewquestion', 1),
(7467, '2021-05-10 11:59:58', '::1', 'Mozilla/5.0 (Windows NT 10.0; Win64; x64) AppleWebKit/537.36 (KHTML, like Gecko) Chrome/90.0.4430.93 Safari/537.36', 'viewgraph', 1),
(7468, '2021-05-10 11:59:58', '::1', 'Mozilla/5.0 (Windows NT 10.0; Win64; x64) AppleWebKit/537.36 (KHTML, like Gecko) Chrome/90.0.4430.93 Safari/537.36', 'viewquestion', 1),
(7469, '2021-05-10 12:09:22', '::1', 'Mozilla/5.0 (Windows NT 10.0; Win64; x64) AppleWebKit/537.36 (KHTML, like Gecko) Chrome/90.0.4430.93 Safari/537.36', 'viewgraph', 1),
(7470, '2021-05-10 12:09:22', '::1', 'Mozilla/5.0 (Windows NT 10.0; Win64; x64) AppleWebKit/537.36 (KHTML, like Gecko) Chrome/90.0.4430.93 Safari/537.36', 'viewquestion', 1),
(7471, '2021-05-10 12:09:29', '::1', 'Mozilla/5.0 (Windows NT 10.0; Win64; x64) AppleWebKit/537.36 (KHTML, like Gecko) Chrome/90.0.4430.93 Safari/537.36', 'viewgraph', 1),
(7472, '2021-05-10 12:09:29', '::1', 'Mozilla/5.0 (Windows NT 10.0; Win64; x64) AppleWebKit/537.36 (KHTML, like Gecko) Chrome/90.0.4430.93 Safari/537.36', 'viewquestion', 1),
(7473, '2021-05-10 12:10:53', '::1', 'Mozilla/5.0 (Windows NT 10.0; Win64; x64) AppleWebKit/537.36 (KHTML, like Gecko) Chrome/90.0.4430.93 Safari/537.36', 'viewgraph', 1),
(7474, '2021-05-10 12:10:53', '::1', 'Mozilla/5.0 (Windows NT 10.0; Win64; x64) AppleWebKit/537.36 (KHTML, like Gecko) Chrome/90.0.4430.93 Safari/537.36', 'viewquestion', 1),
(7475, '2021-05-10 12:11:58', '::1', 'Mozilla/5.0 (Windows NT 10.0; Win64; x64) AppleWebKit/537.36 (KHTML, like Gecko) Chrome/90.0.4430.93 Safari/537.36', 'viewgraph', 1),
(7476, '2021-05-10 12:11:58', '::1', 'Mozilla/5.0 (Windows NT 10.0; Win64; x64) AppleWebKit/537.36 (KHTML, like Gecko) Chrome/90.0.4430.93 Safari/537.36', 'viewquestion', 1),
(7477, '2021-05-10 12:12:03', '::1', 'Mozilla/5.0 (Windows NT 10.0; Win64; x64) AppleWebKit/537.36 (KHTML, like Gecko) Chrome/90.0.4430.93 Safari/537.36', 'viewgraph', 1),
(7478, '2021-05-10 12:12:03', '::1', 'Mozilla/5.0 (Windows NT 10.0; Win64; x64) AppleWebKit/537.36 (KHTML, like Gecko) Chrome/90.0.4430.93 Safari/537.36', 'viewquestion', 1),
(7479, '2021-05-10 12:12:06', '::1', 'Mozilla/5.0 (Windows NT 10.0; Win64; x64) AppleWebKit/537.36 (KHTML, like Gecko) Chrome/90.0.4430.93 Safari/537.36', 'viewgraph', 1),
(7480, '2021-05-10 12:12:06', '::1', 'Mozilla/5.0 (Windows NT 10.0; Win64; x64) AppleWebKit/537.36 (KHTML, like Gecko) Chrome/90.0.4430.93 Safari/537.36', 'viewquestion', 1),
(7481, '2021-05-10 12:12:27', '::1', 'Mozilla/5.0 (Windows NT 10.0; Win64; x64) AppleWebKit/537.36 (KHTML, like Gecko) Chrome/90.0.4430.93 Safari/537.36', 'viewgraph', 1),
(7482, '2021-05-10 12:12:27', '::1', 'Mozilla/5.0 (Windows NT 10.0; Win64; x64) AppleWebKit/537.36 (KHTML, like Gecko) Chrome/90.0.4430.93 Safari/537.36', 'viewquestion', 1),
(7483, '2021-05-10 12:17:01', '::1', 'Mozilla/5.0 (Windows NT 10.0; Win64; x64) AppleWebKit/537.36 (KHTML, like Gecko) Chrome/90.0.4430.93 Safari/537.36', 'viewgraph', 1),
(7484, '2021-05-10 12:17:01', '::1', 'Mozilla/5.0 (Windows NT 10.0; Win64; x64) AppleWebKit/537.36 (KHTML, like Gecko) Chrome/90.0.4430.93 Safari/537.36', 'viewquestion', 1),
(7485, '2021-05-10 12:18:04', '::1', 'Mozilla/5.0 (Windows NT 10.0; Win64; x64) AppleWebKit/537.36 (KHTML, like Gecko) Chrome/90.0.4430.93 Safari/537.36', 'viewgraph', 1),
(7486, '2021-05-10 12:18:04', '::1', 'Mozilla/5.0 (Windows NT 10.0; Win64; x64) AppleWebKit/537.36 (KHTML, like Gecko) Chrome/90.0.4430.93 Safari/537.36', 'viewquestion', 1),
(7487, '2021-05-10 12:22:20', '::1', 'Mozilla/5.0 (Windows NT 10.0; Win64; x64) AppleWebKit/537.36 (KHTML, like Gecko) Chrome/90.0.4430.93 Safari/537.36', 'viewuser', 1),
(7488, '2021-05-10 12:24:49', '::1', 'Mozilla/5.0 (Windows NT 10.0; Win64; x64) AppleWebKit/537.36 (KHTML, like Gecko) Chrome/90.0.4430.93 Safari/537.36', 'viewgraph', 1),
(7489, '2021-05-10 12:24:49', '::1', 'Mozilla/5.0 (Windows NT 10.0; Win64; x64) AppleWebKit/537.36 (KHTML, like Gecko) Chrome/90.0.4430.93 Safari/537.36', 'viewquestion', 1),
(7490, '2021-05-10 12:28:40', '::1', 'Mozilla/5.0 (Windows NT 10.0; Win64; x64) AppleWebKit/537.36 (KHTML, like Gecko) Chrome/90.0.4430.93 Safari/537.36', 'loginsuccess', 1),
(7491, '2021-05-10 12:28:40', '::1', 'Mozilla/5.0 (Windows NT 10.0; Win64; x64) AppleWebKit/537.36 (KHTML, like Gecko) Chrome/90.0.4430.93 Safari/537.36', 'viewgraph', 1),
(7492, '2021-05-10 12:28:40', '::1', 'Mozilla/5.0 (Windows NT 10.0; Win64; x64) AppleWebKit/537.36 (KHTML, like Gecko) Chrome/90.0.4430.93 Safari/537.36', 'viewquestion', 1),
(7493, '2021-05-10 12:36:30', '::1', 'Mozilla/5.0 (Windows NT 10.0; Win64; x64) AppleWebKit/537.36 (KHTML, like Gecko) Chrome/90.0.4430.93 Safari/537.36', 'viewuser', 1),
(7494, '2021-05-10 12:36:49', '::1', 'Mozilla/5.0 (Windows NT 10.0; Win64; x64) AppleWebKit/537.36 (KHTML, like Gecko) Chrome/90.0.4430.93 Safari/537.36', 'viewuser', 1),
(7495, '2021-05-10 12:44:23', '::1', 'Mozilla/5.0 (Windows NT 10.0; Win64; x64) AppleWebKit/537.36 (KHTML, like Gecko) Chrome/90.0.4430.93 Safari/537.36', 'viewgraph', 1),
(7496, '2021-05-10 12:44:23', '::1', 'Mozilla/5.0 (Windows NT 10.0; Win64; x64) AppleWebKit/537.36 (KHTML, like Gecko) Chrome/90.0.4430.93 Safari/537.36', 'viewquestion', 1),
(7497, '2021-05-10 12:56:23', '::1', 'Mozilla/5.0 (Windows NT 10.0; Win64; x64) AppleWebKit/537.36 (KHTML, like Gecko) Chrome/90.0.4430.93 Safari/537.36', 'deletequestion', 1),
(7498, '2021-05-10 12:56:31', '::1', 'Mozilla/5.0 (Windows NT 10.0; Win64; x64) AppleWebKit/537.36 (KHTML, like Gecko) Chrome/90.0.4430.93 Safari/537.36', 'viewgraph', 1),
(7499, '2021-05-10 12:56:31', '::1', 'Mozilla/5.0 (Windows NT 10.0; Win64; x64) AppleWebKit/537.36 (KHTML, like Gecko) Chrome/90.0.4430.93 Safari/537.36', 'viewquestion', 1),
(7500, '2021-05-10 13:06:52', '::1', 'Mozilla/5.0 (Windows NT 10.0; Win64; x64) AppleWebKit/537.36 (KHTML, like Gecko) Chrome/90.0.4430.93 Safari/537.36', 'viewquestion', 1),
(7501, '2021-05-10 13:06:54', '::1', 'Mozilla/5.0 (Windows NT 10.0; Win64; x64) AppleWebKit/537.36 (KHTML, like Gecko) Chrome/90.0.4430.93 Safari/537.36', 'viewgraph', 1),
(7502, '2021-05-10 13:07:06', '::1', 'Mozilla/5.0 (Linux; Android 6.0; Nexus 5 Build/MRA58N) AppleWebKit/537.36 (KHTML, like Gecko) Chrome/90.0.4430.93 Mobile Safari/537.36', 'viewquestion', 1),
(7503, '2021-05-10 13:07:07', '::1', 'Mozilla/5.0 (Linux; Android 6.0; Nexus 5 Build/MRA58N) AppleWebKit/537.36 (KHTML, like Gecko) Chrome/90.0.4430.93 Mobile Safari/537.36', 'viewgraph', 1),
(7504, '2021-05-10 13:07:07', '::1', 'Mozilla/5.0 (Linux; Android 6.0; Nexus 5 Build/MRA58N) AppleWebKit/537.36 (KHTML, like Gecko) Chrome/90.0.4430.93 Mobile Safari/537.36', 'viewquestion', 1),
(7505, '2021-05-11 08:44:16', '::1', 'Mozilla/5.0 (Windows NT 10.0; Win64; x64) AppleWebKit/537.36 (KHTML, like Gecko) Chrome/90.0.4430.93 Safari/537.36', 'loginsuccess', 2),
(7506, '2021-05-11 08:44:16', '::1', 'Mozilla/5.0 (Windows NT 10.0; Win64; x64) AppleWebKit/537.36 (KHTML, like Gecko) Chrome/90.0.4430.93 Safari/537.36', 'viewquestion', 2),
(7507, '2021-05-11 08:48:37', '::1', 'Mozilla/5.0 (Windows NT 10.0; Win64; x64) AppleWebKit/537.36 (KHTML, like Gecko) Chrome/90.0.4430.93 Safari/537.36', 'viewgraph', 2),
(7508, '2021-05-11 08:48:37', '::1', 'Mozilla/5.0 (Windows NT 10.0; Win64; x64) AppleWebKit/537.36 (KHTML, like Gecko) Chrome/90.0.4430.93 Safari/537.36', 'viewquestion', 2),
(7509, '2021-05-11 08:53:02', '::1', 'Mozilla/5.0 (Windows NT 10.0; Win64; x64) AppleWebKit/537.36 (KHTML, like Gecko) Chrome/90.0.4430.93 Safari/537.36', 'viewgraph', 2),
(7510, '2021-05-11 08:53:02', '::1', 'Mozilla/5.0 (Windows NT 10.0; Win64; x64) AppleWebKit/537.36 (KHTML, like Gecko) Chrome/90.0.4430.93 Safari/537.36', 'viewquestion', 2),
(7511, '2021-05-11 08:53:33', '::1', 'Mozilla/5.0 (Windows NT 10.0; Win64; x64) AppleWebKit/537.36 (KHTML, like Gecko) Chrome/90.0.4430.93 Safari/537.36', 'viewgraph', 2),
(7512, '2021-05-11 08:53:33', '::1', 'Mozilla/5.0 (Windows NT 10.0; Win64; x64) AppleWebKit/537.36 (KHTML, like Gecko) Chrome/90.0.4430.93 Safari/537.36', 'viewquestion', 2),
(7513, '2021-05-11 08:53:55', '::1', 'Mozilla/5.0 (Windows NT 10.0; Win64; x64) AppleWebKit/537.36 (KHTML, like Gecko) Chrome/90.0.4430.93 Safari/537.36', 'viewgraph', 2),
(7514, '2021-05-11 08:53:55', '::1', 'Mozilla/5.0 (Windows NT 10.0; Win64; x64) AppleWebKit/537.36 (KHTML, like Gecko) Chrome/90.0.4430.93 Safari/537.36', 'viewquestion', 2),
(7515, '2021-05-11 08:55:20', '::1', 'Mozilla/5.0 (Windows NT 10.0; Win64; x64) AppleWebKit/537.36 (KHTML, like Gecko) Chrome/90.0.4430.93 Safari/537.36', 'viewgraph', 2),
(7516, '2021-05-11 08:55:20', '::1', 'Mozilla/5.0 (Windows NT 10.0; Win64; x64) AppleWebKit/537.36 (KHTML, like Gecko) Chrome/90.0.4430.93 Safari/537.36', 'viewquestion', 2),
(7517, '2021-05-11 08:56:58', '::1', 'Mozilla/5.0 (Windows NT 10.0; Win64; x64) AppleWebKit/537.36 (KHTML, like Gecko) Chrome/90.0.4430.93 Safari/537.36', 'viewgraph', 2),
(7518, '2021-05-11 08:56:58', '::1', 'Mozilla/5.0 (Windows NT 10.0; Win64; x64) AppleWebKit/537.36 (KHTML, like Gecko) Chrome/90.0.4430.93 Safari/537.36', 'viewquestion', 2),
(7519, '2021-05-11 08:57:03', '::1', 'Mozilla/5.0 (Windows NT 10.0; Win64; x64) AppleWebKit/537.36 (KHTML, like Gecko) Chrome/90.0.4430.93 Safari/537.36', 'viewgraph', 2),
(7520, '2021-05-11 08:57:03', '::1', 'Mozilla/5.0 (Windows NT 10.0; Win64; x64) AppleWebKit/537.36 (KHTML, like Gecko) Chrome/90.0.4430.93 Safari/537.36', 'viewquestion', 2),
(7521, '2021-05-11 08:58:56', '::1', 'Mozilla/5.0 (Windows NT 10.0; Win64; x64) AppleWebKit/537.36 (KHTML, like Gecko) Chrome/90.0.4430.93 Safari/537.36', 'createquestion', 2),
(7522, '2021-05-11 08:58:56', '::1', 'Mozilla/5.0 (Windows NT 10.0; Win64; x64) AppleWebKit/537.36 (KHTML, like Gecko) Chrome/90.0.4430.93 Safari/537.36', 'viewquestion', 2),
(7523, '2021-05-11 08:58:58', '::1', 'Mozilla/5.0 (Windows NT 10.0; Win64; x64) AppleWebKit/537.36 (KHTML, like Gecko) Chrome/90.0.4430.93 Safari/537.36', 'createquestion', 2),
(7524, '2021-05-11 08:58:58', '::1', 'Mozilla/5.0 (Windows NT 10.0; Win64; x64) AppleWebKit/537.36 (KHTML, like Gecko) Chrome/90.0.4430.93 Safari/537.36', 'viewquestion', 2),
(7525, '2021-05-11 08:59:00', '::1', 'Mozilla/5.0 (Windows NT 10.0; Win64; x64) AppleWebKit/537.36 (KHTML, like Gecko) Chrome/90.0.4430.93 Safari/537.36', 'createquestion', 2),
(7526, '2021-05-11 08:59:00', '::1', 'Mozilla/5.0 (Windows NT 10.0; Win64; x64) AppleWebKit/537.36 (KHTML, like Gecko) Chrome/90.0.4430.93 Safari/537.36', 'viewquestion', 2),
(7527, '2021-05-11 08:59:01', '::1', 'Mozilla/5.0 (Windows NT 10.0; Win64; x64) AppleWebKit/537.36 (KHTML, like Gecko) Chrome/90.0.4430.93 Safari/537.36', 'createquestion', 2),
(7528, '2021-05-11 08:59:01', '::1', 'Mozilla/5.0 (Windows NT 10.0; Win64; x64) AppleWebKit/537.36 (KHTML, like Gecko) Chrome/90.0.4430.93 Safari/537.36', 'viewquestion', 2),
(7529, '2021-05-11 08:59:04', '::1', 'Mozilla/5.0 (Windows NT 10.0; Win64; x64) AppleWebKit/537.36 (KHTML, like Gecko) Chrome/90.0.4430.93 Safari/537.36', 'createquestion', 2),
(7530, '2021-05-11 08:59:04', '::1', 'Mozilla/5.0 (Windows NT 10.0; Win64; x64) AppleWebKit/537.36 (KHTML, like Gecko) Chrome/90.0.4430.93 Safari/537.36', 'viewquestion', 2),
(7531, '2021-05-11 08:59:06', '::1', 'Mozilla/5.0 (Windows NT 10.0; Win64; x64) AppleWebKit/537.36 (KHTML, like Gecko) Chrome/90.0.4430.93 Safari/537.36', 'createquestion', 2),
(7532, '2021-05-11 08:59:06', '::1', 'Mozilla/5.0 (Windows NT 10.0; Win64; x64) AppleWebKit/537.36 (KHTML, like Gecko) Chrome/90.0.4430.93 Safari/537.36', 'viewquestion', 2),
(7533, '2021-05-11 08:59:07', '::1', 'Mozilla/5.0 (Windows NT 10.0; Win64; x64) AppleWebKit/537.36 (KHTML, like Gecko) Chrome/90.0.4430.93 Safari/537.36', 'createquestion', 2),
(7534, '2021-05-11 08:59:07', '::1', 'Mozilla/5.0 (Windows NT 10.0; Win64; x64) AppleWebKit/537.36 (KHTML, like Gecko) Chrome/90.0.4430.93 Safari/537.36', 'viewquestion', 2),
(7535, '2021-05-11 08:59:10', '::1', 'Mozilla/5.0 (Windows NT 10.0; Win64; x64) AppleWebKit/537.36 (KHTML, like Gecko) Chrome/90.0.4430.93 Safari/537.36', 'createquestion', 2),
(7536, '2021-05-11 08:59:10', '::1', 'Mozilla/5.0 (Windows NT 10.0; Win64; x64) AppleWebKit/537.36 (KHTML, like Gecko) Chrome/90.0.4430.93 Safari/537.36', 'viewquestion', 2),
(7537, '2021-05-11 08:59:14', '::1', 'Mozilla/5.0 (Windows NT 10.0; Win64; x64) AppleWebKit/537.36 (KHTML, like Gecko) Chrome/90.0.4430.93 Safari/537.36', 'viewgraph', 2),
(7538, '2021-05-11 08:59:14', '::1', 'Mozilla/5.0 (Windows NT 10.0; Win64; x64) AppleWebKit/537.36 (KHTML, like Gecko) Chrome/90.0.4430.93 Safari/537.36', 'viewquestion', 2),
(7539, '2021-05-11 09:01:41', '::1', 'Mozilla/5.0 (Windows NT 10.0; Win64; x64) AppleWebKit/537.36 (KHTML, like Gecko) Chrome/90.0.4430.93 Safari/537.36', 'viewgraph', 2),
(7540, '2021-05-11 09:01:41', '::1', 'Mozilla/5.0 (Windows NT 10.0; Win64; x64) AppleWebKit/537.36 (KHTML, like Gecko) Chrome/90.0.4430.93 Safari/537.36', 'viewquestion', 2),
(7541, '2021-05-11 09:03:14', '::1', 'Mozilla/5.0 (Windows NT 10.0; Win64; x64) AppleWebKit/537.36 (KHTML, like Gecko) Chrome/90.0.4430.93 Safari/537.36', 'viewgraph', 2),
(7542, '2021-05-11 09:03:14', '::1', 'Mozilla/5.0 (Windows NT 10.0; Win64; x64) AppleWebKit/537.36 (KHTML, like Gecko) Chrome/90.0.4430.93 Safari/537.36', 'viewquestion', 2),
(7543, '2021-05-11 09:10:56', '::1', 'Mozilla/5.0 (Linux; Android 6.0.1; Moto G (4)) AppleWebKit/537.36 (KHTML, like Gecko) Chrome/90.0.4430.93 Mobile Safari/537.36', 'loginsuccess', 1),
(7544, '2021-05-11 09:10:56', '::1', 'Mozilla/5.0 (Linux; Android 6.0.1; Moto G (4)) AppleWebKit/537.36 (KHTML, like Gecko) Chrome/90.0.4430.93 Mobile Safari/537.36', 'viewgraph', 1),
(7545, '2021-05-11 09:10:56', '::1', 'Mozilla/5.0 (Linux; Android 6.0.1; Moto G (4)) AppleWebKit/537.36 (KHTML, like Gecko) Chrome/90.0.4430.93 Mobile Safari/537.36', 'viewquestion', 1),
(7546, '2021-05-11 09:12:56', '::1', 'Mozilla/5.0 (Windows NT 10.0; Win64; x64) AppleWebKit/537.36 (KHTML, like Gecko) Chrome/90.0.4430.93 Safari/537.36', 'viewgraph', 1),
(7547, '2021-05-11 09:12:56', '::1', 'Mozilla/5.0 (Windows NT 10.0; Win64; x64) AppleWebKit/537.36 (KHTML, like Gecko) Chrome/90.0.4430.93 Safari/537.36', 'viewquestion', 1),
(7548, '2021-05-11 09:14:42', '::1', 'Mozilla/5.0 (Windows NT 10.0; Win64; x64) AppleWebKit/537.36 (KHTML, like Gecko) Chrome/90.0.4430.93 Safari/537.36', 'viewquestion', 1),
(7549, '2021-05-11 09:14:56', '::1', 'Mozilla/5.0 (Windows NT 10.0; Win64; x64) AppleWebKit/537.36 (KHTML, like Gecko) Chrome/90.0.4430.93 Safari/537.36', 'viewuser', 1),
(7550, '2021-05-11 09:15:24', '::1', 'Mozilla/5.0 (Windows NT 10.0; Win64; x64) AppleWebKit/537.36 (KHTML, like Gecko) Chrome/90.0.4430.93 Safari/537.36', 'viewuser', 1),
(7551, '2021-05-11 09:15:39', '::1', 'Mozilla/5.0 (Windows NT 10.0; Win64; x64) AppleWebKit/537.36 (KHTML, like Gecko) Chrome/90.0.4430.93 Safari/537.36', 'viewuser', 1),
(7552, '2021-05-11 09:17:01', '::1', 'Mozilla/5.0 (Windows NT 10.0; Win64; x64) AppleWebKit/537.36 (KHTML, like Gecko) Chrome/90.0.4430.93 Safari/537.36', 'deletequestion', 1),
(7553, '2021-05-11 09:17:03', '::1', 'Mozilla/5.0 (Windows NT 10.0; Win64; x64) AppleWebKit/537.36 (KHTML, like Gecko) Chrome/90.0.4430.93 Safari/537.36', 'viewgraph', 1),
(7554, '2021-05-11 09:17:03', '::1', 'Mozilla/5.0 (Windows NT 10.0; Win64; x64) AppleWebKit/537.36 (KHTML, like Gecko) Chrome/90.0.4430.93 Safari/537.36', 'viewquestion', 1),
(7555, '2021-05-11 09:17:09', '::1', 'Mozilla/5.0 (Windows NT 10.0; Win64; x64) AppleWebKit/537.36 (KHTML, like Gecko) Chrome/90.0.4430.93 Safari/537.36', 'viewgraph', 1),
(7556, '2021-05-11 09:17:09', '::1', 'Mozilla/5.0 (Windows NT 10.0; Win64; x64) AppleWebKit/537.36 (KHTML, like Gecko) Chrome/90.0.4430.93 Safari/537.36', 'viewquestion', 1),
(7557, '2021-05-11 09:18:44', '::1', 'Mozilla/5.0 (Windows NT 10.0; Win64; x64) AppleWebKit/537.36 (KHTML, like Gecko) Chrome/90.0.4430.93 Safari/537.36', 'viewquestion', 1),
(7558, '2021-05-11 09:19:26', '::1', 'Mozilla/5.0 (Linux; Android 6.0.1; Moto G (4)) AppleWebKit/537.36 (KHTML, like Gecko) Chrome/90.0.4430.93 Mobile Safari/537.36', 'viewgraph', 1),
(7559, '2021-05-11 09:19:26', '::1', 'Mozilla/5.0 (Linux; Android 6.0.1; Moto G (4)) AppleWebKit/537.36 (KHTML, like Gecko) Chrome/90.0.4430.93 Mobile Safari/537.36', 'viewquestion', 1),
(7560, '2021-05-11 09:21:46', '::1', 'Mozilla/5.0 (Linux; Android 6.0.1; Moto G (4)) AppleWebKit/537.36 (KHTML, like Gecko) Chrome/90.0.4430.93 Mobile Safari/537.36', 'viewquestion', 1),
(7561, '2021-05-11 09:21:48', '::1', 'Mozilla/5.0 (Linux; Android 6.0.1; Moto G (4)) AppleWebKit/537.36 (KHTML, like Gecko) Chrome/90.0.4430.93 Mobile Safari/537.36', 'viewgraph', 1),
(7562, '2021-05-11 09:21:48', '::1', 'Mozilla/5.0 (Linux; Android 6.0.1; Moto G (4)) AppleWebKit/537.36 (KHTML, like Gecko) Chrome/90.0.4430.93 Mobile Safari/537.36', 'viewquestion', 1),
(7563, '2021-05-11 09:22:59', '::1', 'Mozilla/5.0 (Linux; Android 6.0.1; Moto G (4)) AppleWebKit/537.36 (KHTML, like Gecko) Chrome/90.0.4430.93 Mobile Safari/537.36', 'viewgraph', 1),
(7564, '2021-05-11 09:22:59', '::1', 'Mozilla/5.0 (Linux; Android 6.0.1; Moto G (4)) AppleWebKit/537.36 (KHTML, like Gecko) Chrome/90.0.4430.93 Mobile Safari/537.36', 'viewquestion', 1),
(7565, '2021-05-11 09:23:42', '::1', 'Mozilla/5.0 (Linux; Android 6.0.1; Moto G (4)) AppleWebKit/537.36 (KHTML, like Gecko) Chrome/90.0.4430.93 Mobile Safari/537.36', 'viewgraph', 1),
(7566, '2021-05-11 09:23:42', '::1', 'Mozilla/5.0 (Linux; Android 6.0.1; Moto G (4)) AppleWebKit/537.36 (KHTML, like Gecko) Chrome/90.0.4430.93 Mobile Safari/537.36', 'viewquestion', 1),
(7567, '2021-05-11 09:23:50', '::1', 'Mozilla/5.0 (Linux; Android 6.0.1; Moto G (4)) AppleWebKit/537.36 (KHTML, like Gecko) Chrome/90.0.4430.93 Mobile Safari/537.36', 'viewquestion', 1),
(7568, '2021-05-11 09:28:27', '::1', 'Mozilla/5.0 (Windows NT 10.0; Win64; x64) AppleWebKit/537.36 (KHTML, like Gecko) Chrome/90.0.4430.93 Safari/537.36', 'viewquestion', 1),
(7569, '2021-05-11 09:28:40', '::1', 'Mozilla/5.0 (Windows NT 10.0; Win64; x64) AppleWebKit/537.36 (KHTML, like Gecko) Chrome/90.0.4430.93 Safari/537.36', 'viewquestion', 1),
(7570, '2021-05-11 10:11:06', '::1', 'Mozilla/5.0 (Windows NT 10.0; Win64; x64) AppleWebKit/537.36 (KHTML, like Gecko) Chrome/90.0.4430.93 Safari/537.36', 'viewquestion', 1),
(7571, '2021-05-11 10:11:14', '::1', 'Mozilla/5.0 (Windows NT 10.0; Win64; x64) AppleWebKit/537.36 (KHTML, like Gecko) Chrome/90.0.4430.93 Safari/537.36', 'viewgraph', 1),
(7572, '2021-05-11 10:11:14', '::1', 'Mozilla/5.0 (Windows NT 10.0; Win64; x64) AppleWebKit/537.36 (KHTML, like Gecko) Chrome/90.0.4430.93 Safari/537.36', 'viewquestion', 1),
(7573, '2021-05-11 10:12:14', '::1', 'Mozilla/5.0 (Windows NT 10.0; Win64; x64) AppleWebKit/537.36 (KHTML, like Gecko) Chrome/90.0.4430.93 Safari/537.36', 'deletequestion', 1),
(7574, '2021-05-11 10:12:16', '::1', 'Mozilla/5.0 (Windows NT 10.0; Win64; x64) AppleWebKit/537.36 (KHTML, like Gecko) Chrome/90.0.4430.93 Safari/537.36', 'viewgraph', 1),
(7575, '2021-05-11 10:12:16', '::1', 'Mozilla/5.0 (Windows NT 10.0; Win64; x64) AppleWebKit/537.36 (KHTML, like Gecko) Chrome/90.0.4430.93 Safari/537.36', 'viewquestion', 1),
(7576, '2021-05-11 10:12:30', '::1', 'Mozilla/5.0 (Windows NT 10.0; Win64; x64) AppleWebKit/537.36 (KHTML, like Gecko) Chrome/90.0.4430.93 Safari/537.36', 'viewquestion', 1),
(7577, '2021-05-11 10:12:36', '::1', 'Mozilla/5.0 (Windows NT 10.0; Win64; x64) AppleWebKit/537.36 (KHTML, like Gecko) Chrome/90.0.4430.93 Safari/537.36', 'deletequestion', 1),
(7578, '2021-05-11 10:12:37', '::1', 'Mozilla/5.0 (Windows NT 10.0; Win64; x64) AppleWebKit/537.36 (KHTML, like Gecko) Chrome/90.0.4430.93 Safari/537.36', 'viewgraph', 1),
(7579, '2021-05-11 10:12:37', '::1', 'Mozilla/5.0 (Windows NT 10.0; Win64; x64) AppleWebKit/537.36 (KHTML, like Gecko) Chrome/90.0.4430.93 Safari/537.36', 'viewquestion', 1),
(7580, '2021-05-11 10:12:39', '::1', 'Mozilla/5.0 (Windows NT 10.0; Win64; x64) AppleWebKit/537.36 (KHTML, like Gecko) Chrome/90.0.4430.93 Safari/537.36', 'deletequestion', 1),
(7581, '2021-05-11 10:12:39', '::1', 'Mozilla/5.0 (Windows NT 10.0; Win64; x64) AppleWebKit/537.36 (KHTML, like Gecko) Chrome/90.0.4430.93 Safari/537.36', 'viewgraph', 1),
(7582, '2021-05-11 10:12:39', '::1', 'Mozilla/5.0 (Windows NT 10.0; Win64; x64) AppleWebKit/537.36 (KHTML, like Gecko) Chrome/90.0.4430.93 Safari/537.36', 'viewquestion', 1),
(7583, '2021-05-11 10:12:41', '::1', 'Mozilla/5.0 (Windows NT 10.0; Win64; x64) AppleWebKit/537.36 (KHTML, like Gecko) Chrome/90.0.4430.93 Safari/537.36', 'deletequestion', 1),
(7584, '2021-05-11 10:12:41', '::1', 'Mozilla/5.0 (Windows NT 10.0; Win64; x64) AppleWebKit/537.36 (KHTML, like Gecko) Chrome/90.0.4430.93 Safari/537.36', 'viewgraph', 1),
(7585, '2021-05-11 10:12:41', '::1', 'Mozilla/5.0 (Windows NT 10.0; Win64; x64) AppleWebKit/537.36 (KHTML, like Gecko) Chrome/90.0.4430.93 Safari/537.36', 'viewquestion', 1),
(7586, '2021-05-11 10:12:43', '::1', 'Mozilla/5.0 (Windows NT 10.0; Win64; x64) AppleWebKit/537.36 (KHTML, like Gecko) Chrome/90.0.4430.93 Safari/537.36', 'deletequestion', 1),
(7587, '2021-05-11 10:12:44', '::1', 'Mozilla/5.0 (Windows NT 10.0; Win64; x64) AppleWebKit/537.36 (KHTML, like Gecko) Chrome/90.0.4430.93 Safari/537.36', 'viewgraph', 1),
(7588, '2021-05-11 10:12:44', '::1', 'Mozilla/5.0 (Windows NT 10.0; Win64; x64) AppleWebKit/537.36 (KHTML, like Gecko) Chrome/90.0.4430.93 Safari/537.36', 'viewquestion', 1),
(7589, '2021-05-11 10:12:46', '::1', 'Mozilla/5.0 (Windows NT 10.0; Win64; x64) AppleWebKit/537.36 (KHTML, like Gecko) Chrome/90.0.4430.93 Safari/537.36', 'viewgraph', 1),
(7590, '2021-05-11 10:12:46', '::1', 'Mozilla/5.0 (Windows NT 10.0; Win64; x64) AppleWebKit/537.36 (KHTML, like Gecko) Chrome/90.0.4430.93 Safari/537.36', 'viewquestion', 1),
(7591, '2021-05-11 10:13:19', '::1', 'Mozilla/5.0 (Windows NT 10.0; Win64; x64) AppleWebKit/537.36 (KHTML, like Gecko) Chrome/90.0.4430.93 Safari/537.36', 'viewquestion', 1),
(7592, '2021-05-11 10:13:28', '::1', 'Mozilla/5.0 (Windows NT 10.0; Win64; x64) AppleWebKit/537.36 (KHTML, like Gecko) Chrome/90.0.4430.93 Safari/537.36', 'viewquestion', 1),
(7593, '2021-05-11 10:13:45', '::1', 'Mozilla/5.0 (Windows NT 10.0; Win64; x64) AppleWebKit/537.36 (KHTML, like Gecko) Chrome/90.0.4430.93 Safari/537.36', 'viewgraph', 1),
(7594, '2021-05-11 10:13:45', '::1', 'Mozilla/5.0 (Windows NT 10.0; Win64; x64) AppleWebKit/537.36 (KHTML, like Gecko) Chrome/90.0.4430.93 Safari/537.36', 'viewquestion', 1),
(7595, '2021-05-11 10:13:48', '::1', 'Mozilla/5.0 (Windows NT 10.0; Win64; x64) AppleWebKit/537.36 (KHTML, like Gecko) Chrome/90.0.4430.93 Safari/537.36', 'deletequestion', 1),
(7596, '2021-05-11 10:13:48', '::1', 'Mozilla/5.0 (Windows NT 10.0; Win64; x64) AppleWebKit/537.36 (KHTML, like Gecko) Chrome/90.0.4430.93 Safari/537.36', 'viewgraph', 1),
(7597, '2021-05-11 10:13:48', '::1', 'Mozilla/5.0 (Windows NT 10.0; Win64; x64) AppleWebKit/537.36 (KHTML, like Gecko) Chrome/90.0.4430.93 Safari/537.36', 'viewquestion', 1),
(7598, '2021-05-11 10:13:50', '::1', 'Mozilla/5.0 (Windows NT 10.0; Win64; x64) AppleWebKit/537.36 (KHTML, like Gecko) Chrome/90.0.4430.93 Safari/537.36', 'viewgraph', 1),
(7599, '2021-05-11 10:13:50', '::1', 'Mozilla/5.0 (Windows NT 10.0; Win64; x64) AppleWebKit/537.36 (KHTML, like Gecko) Chrome/90.0.4430.93 Safari/537.36', 'viewquestion', 1),
(7600, '2021-05-11 10:13:55', '::1', 'Mozilla/5.0 (Windows NT 10.0; Win64; x64) AppleWebKit/537.36 (KHTML, like Gecko) Chrome/90.0.4430.93 Safari/537.36', 'viewgraph', 1),
(7601, '2021-05-11 10:13:55', '::1', 'Mozilla/5.0 (Windows NT 10.0; Win64; x64) AppleWebKit/537.36 (KHTML, like Gecko) Chrome/90.0.4430.93 Safari/537.36', 'viewquestion', 1),
(7602, '2021-05-11 10:14:25', '::1', 'Mozilla/5.0 (Windows NT 10.0; Win64; x64) AppleWebKit/537.36 (KHTML, like Gecko) Chrome/90.0.4430.93 Safari/537.36', 'viewuser', 1),
(7603, '2021-05-11 10:14:50', '::1', 'Mozilla/5.0 (Windows NT 10.0; Win64; x64) AppleWebKit/537.36 (KHTML, like Gecko) Chrome/90.0.4430.93 Safari/537.36', 'viewgraph', 1),
(7604, '2021-05-11 10:14:50', '::1', 'Mozilla/5.0 (Windows NT 10.0; Win64; x64) AppleWebKit/537.36 (KHTML, like Gecko) Chrome/90.0.4430.93 Safari/537.36', 'viewquestion', 1),
(7605, '2021-05-11 10:15:02', '::1', 'Mozilla/5.0 (Windows NT 10.0; Win64; x64) AppleWebKit/537.36 (KHTML, like Gecko) Chrome/90.0.4430.93 Safari/537.36', 'viewgraph', 1),
(7606, '2021-05-11 10:15:02', '::1', 'Mozilla/5.0 (Windows NT 10.0; Win64; x64) AppleWebKit/537.36 (KHTML, like Gecko) Chrome/90.0.4430.93 Safari/537.36', 'viewquestion', 1),
(7607, '2021-05-11 10:15:05', '::1', 'Mozilla/5.0 (Windows NT 10.0; Win64; x64) AppleWebKit/537.36 (KHTML, like Gecko) Chrome/90.0.4430.93 Safari/537.36', 'viewgraph', 1),
(7608, '2021-05-11 10:15:05', '::1', 'Mozilla/5.0 (Windows NT 10.0; Win64; x64) AppleWebKit/537.36 (KHTML, like Gecko) Chrome/90.0.4430.93 Safari/537.36', 'viewquestion', 1),
(7609, '2021-05-11 10:15:26', '::1', 'Mozilla/5.0 (Windows NT 10.0; Win64; x64) AppleWebKit/537.36 (KHTML, like Gecko) Chrome/90.0.4430.93 Safari/537.36', 'viewquestion', 1),
(7610, '2021-05-11 10:15:27', '::1', 'Mozilla/5.0 (Windows NT 10.0; Win64; x64) AppleWebKit/537.36 (KHTML, like Gecko) Chrome/90.0.4430.93 Safari/537.36', 'viewquestion', 1),
(7611, '2021-05-11 10:15:28', '::1', 'Mozilla/5.0 (Windows NT 10.0; Win64; x64) AppleWebKit/537.36 (KHTML, like Gecko) Chrome/90.0.4430.93 Safari/537.36', 'viewquestion', 1),
(7612, '2021-05-11 10:15:28', '::1', 'Mozilla/5.0 (Windows NT 10.0; Win64; x64) AppleWebKit/537.36 (KHTML, like Gecko) Chrome/90.0.4430.93 Safari/537.36', 'viewquestion', 1),
(7613, '2021-05-11 10:15:28', '::1', 'Mozilla/5.0 (Windows NT 10.0; Win64; x64) AppleWebKit/537.36 (KHTML, like Gecko) Chrome/90.0.4430.93 Safari/537.36', 'viewquestion', 1),
(7614, '2021-05-11 10:15:29', '::1', 'Mozilla/5.0 (Windows NT 10.0; Win64; x64) AppleWebKit/537.36 (KHTML, like Gecko) Chrome/90.0.4430.93 Safari/537.36', 'viewquestion', 1),
(7615, '2021-05-11 10:15:31', '::1', 'Mozilla/5.0 (Windows NT 10.0; Win64; x64) AppleWebKit/537.36 (KHTML, like Gecko) Chrome/90.0.4430.93 Safari/537.36', 'viewquestion', 1),
(7616, '2021-05-11 10:15:31', '::1', 'Mozilla/5.0 (Windows NT 10.0; Win64; x64) AppleWebKit/537.36 (KHTML, like Gecko) Chrome/90.0.4430.93 Safari/537.36', 'viewquestion', 1),
(7617, '2021-05-11 10:15:33', '::1', 'Mozilla/5.0 (Windows NT 10.0; Win64; x64) AppleWebKit/537.36 (KHTML, like Gecko) Chrome/90.0.4430.93 Safari/537.36', 'viewuser', 1),
(7618, '2021-05-11 10:15:46', '::1', 'Mozilla/5.0 (Windows NT 10.0; Win64; x64) AppleWebKit/537.36 (KHTML, like Gecko) Chrome/90.0.4430.93 Safari/537.36', 'createquestion', 1),
(7619, '2021-05-11 10:15:46', '::1', 'Mozilla/5.0 (Windows NT 10.0; Win64; x64) AppleWebKit/537.36 (KHTML, like Gecko) Chrome/90.0.4430.93 Safari/537.36', 'viewquestion', 1),
(7620, '2021-05-11 10:15:49', '::1', 'Mozilla/5.0 (Windows NT 10.0; Win64; x64) AppleWebKit/537.36 (KHTML, like Gecko) Chrome/90.0.4430.93 Safari/537.36', 'viewquestion', 1),
(7621, '2021-05-11 10:15:50', '::1', 'Mozilla/5.0 (Windows NT 10.0; Win64; x64) AppleWebKit/537.36 (KHTML, like Gecko) Chrome/90.0.4430.93 Safari/537.36', 'viewquestion', 1),
(7622, '2021-05-11 10:15:50', '::1', 'Mozilla/5.0 (Windows NT 10.0; Win64; x64) AppleWebKit/537.36 (KHTML, like Gecko) Chrome/90.0.4430.93 Safari/537.36', 'viewquestion', 1),
(7623, '2021-05-11 10:15:51', '::1', 'Mozilla/5.0 (Windows NT 10.0; Win64; x64) AppleWebKit/537.36 (KHTML, like Gecko) Chrome/90.0.4430.93 Safari/537.36', 'viewquestion', 1),
(7624, '2021-05-11 10:15:54', '::1', 'Mozilla/5.0 (Windows NT 10.0; Win64; x64) AppleWebKit/537.36 (KHTML, like Gecko) Chrome/90.0.4430.93 Safari/537.36', 'viewgraph', 1),
(7625, '2021-05-11 10:15:54', '::1', 'Mozilla/5.0 (Windows NT 10.0; Win64; x64) AppleWebKit/537.36 (KHTML, like Gecko) Chrome/90.0.4430.93 Safari/537.36', 'viewquestion', 1),
(7626, '2021-05-11 10:16:07', '::1', 'Mozilla/5.0 (Windows NT 10.0; Win64; x64) AppleWebKit/537.36 (KHTML, like Gecko) Chrome/90.0.4430.93 Safari/537.36', 'viewgraph', 1),
(7627, '2021-05-11 10:16:07', '::1', 'Mozilla/5.0 (Windows NT 10.0; Win64; x64) AppleWebKit/537.36 (KHTML, like Gecko) Chrome/90.0.4430.93 Safari/537.36', 'viewquestion', 1),
(7628, '2021-05-11 10:16:09', '::1', 'Mozilla/5.0 (Windows NT 10.0; Win64; x64) AppleWebKit/537.36 (KHTML, like Gecko) Chrome/90.0.4430.93 Safari/537.36', 'viewgraph', 1),
(7629, '2021-05-11 10:16:09', '::1', 'Mozilla/5.0 (Windows NT 10.0; Win64; x64) AppleWebKit/537.36 (KHTML, like Gecko) Chrome/90.0.4430.93 Safari/537.36', 'viewquestion', 1),
(7630, '2021-05-11 10:16:13', '::1', 'Mozilla/5.0 (Windows NT 10.0; Win64; x64) AppleWebKit/537.36 (KHTML, like Gecko) Chrome/90.0.4430.93 Safari/537.36', 'viewquestion', 1),
(7631, '2021-05-11 10:16:13', '::1', 'Mozilla/5.0 (Windows NT 10.0; Win64; x64) AppleWebKit/537.36 (KHTML, like Gecko) Chrome/90.0.4430.93 Safari/537.36', 'viewquestion', 1),
(7632, '2021-05-11 10:38:13', '::1', 'Mozilla/5.0 (Linux; Android 6.0.1; Moto G (4)) AppleWebKit/537.36 (KHTML, like Gecko) Chrome/90.0.4430.93 Mobile Safari/537.36', 'viewgraph', 1),
(7633, '2021-05-11 10:38:13', '::1', 'Mozilla/5.0 (Linux; Android 6.0.1; Moto G (4)) AppleWebKit/537.36 (KHTML, like Gecko) Chrome/90.0.4430.93 Mobile Safari/537.36', 'viewquestion', 1),
(7634, '2021-05-11 10:39:15', '::1', 'Mozilla/5.0 (Linux; Android 6.0.1; Moto G (4)) AppleWebKit/537.36 (KHTML, like Gecko) Chrome/90.0.4430.93 Mobile Safari/537.36', 'viewquestion', 1),
(7635, '2021-05-11 10:39:30', '::1', 'Mozilla/5.0 (Linux; Android 6.0.1; Moto G (4)) AppleWebKit/537.36 (KHTML, like Gecko) Chrome/90.0.4430.93 Mobile Safari/537.36', 'viewgraph', 1),
(7636, '2021-05-11 10:39:30', '::1', 'Mozilla/5.0 (Linux; Android 6.0.1; Moto G (4)) AppleWebKit/537.36 (KHTML, like Gecko) Chrome/90.0.4430.93 Mobile Safari/537.36', 'viewquestion', 1),
(7637, '2021-05-11 10:39:37', '::1', 'Mozilla/5.0 (Linux; Android 6.0.1; Moto G (4)) AppleWebKit/537.36 (KHTML, like Gecko) Chrome/90.0.4430.93 Mobile Safari/537.36', 'viewgraph', 1),
(7638, '2021-05-11 10:39:37', '::1', 'Mozilla/5.0 (Linux; Android 6.0.1; Moto G (4)) AppleWebKit/537.36 (KHTML, like Gecko) Chrome/90.0.4430.93 Mobile Safari/537.36', 'viewquestion', 1),
(7639, '2021-05-11 10:40:24', '::1', 'Mozilla/5.0 (Linux; Android 6.0.1; Moto G (4)) AppleWebKit/537.36 (KHTML, like Gecko) Chrome/90.0.4430.93 Mobile Safari/537.36', 'viewgraph', 1),
(7640, '2021-05-11 10:40:25', '::1', 'Mozilla/5.0 (Linux; Android 6.0.1; Moto G (4)) AppleWebKit/537.36 (KHTML, like Gecko) Chrome/90.0.4430.93 Mobile Safari/537.36', 'viewquestion', 1),
(7641, '2021-05-11 10:41:01', '::1', 'Mozilla/5.0 (Linux; Android 6.0.1; Moto G (4)) AppleWebKit/537.36 (KHTML, like Gecko) Chrome/90.0.4430.93 Mobile Safari/537.36', 'viewgraph', 1),
(7642, '2021-05-11 10:41:01', '::1', 'Mozilla/5.0 (Linux; Android 6.0.1; Moto G (4)) AppleWebKit/537.36 (KHTML, like Gecko) Chrome/90.0.4430.93 Mobile Safari/537.36', 'viewquestion', 1),
(7643, '2021-05-11 10:41:47', '::1', 'Mozilla/5.0 (Linux; Android 6.0.1; Moto G (4)) AppleWebKit/537.36 (KHTML, like Gecko) Chrome/90.0.4430.93 Mobile Safari/537.36', 'loginsuccess', 1),
(7644, '2021-05-11 10:41:47', '::1', 'Mozilla/5.0 (Linux; Android 6.0.1; Moto G (4)) AppleWebKit/537.36 (KHTML, like Gecko) Chrome/90.0.4430.93 Mobile Safari/537.36', 'viewgraph', 1),
(7645, '2021-05-11 10:41:47', '::1', 'Mozilla/5.0 (Linux; Android 6.0.1; Moto G (4)) AppleWebKit/537.36 (KHTML, like Gecko) Chrome/90.0.4430.93 Mobile Safari/537.36', 'viewquestion', 1),
(7646, '2021-05-11 10:50:20', '::1', 'Mozilla/5.0 (Windows NT 10.0; Win64; x64) AppleWebKit/537.36 (KHTML, like Gecko) Chrome/90.0.4430.93 Safari/537.36', 'viewquestion', 1),
(7647, '2021-05-11 12:24:55', '::1', 'Mozilla/5.0 (Linux; Android 6.0.1; Moto G (4)) AppleWebKit/537.36 (KHTML, like Gecko) Chrome/90.0.4430.93 Mobile Safari/537.36', 'loginsuccess', 2),
(7648, '2021-05-11 12:25:09', '::1', 'Mozilla/5.0 (Windows NT 10.0; Win64; x64) AppleWebKit/537.36 (KHTML, like Gecko) Chrome/90.0.4430.93 Safari/537.36', 'viewquestion', 2),
(7649, '2021-05-11 12:26:55', '::1', 'Mozilla/5.0 (Windows NT 10.0; Win64; x64) AppleWebKit/537.36 (KHTML, like Gecko) Chrome/90.0.4430.93 Safari/537.36', 'viewquestion', 2),
(7650, '2021-05-11 12:30:02', '::1', 'Mozilla/5.0 (Linux; Android 6.0; Nexus 5 Build/MRA58N) AppleWebKit/537.36 (KHTML, like Gecko) Chrome/90.0.4430.93 Mobile Safari/537.36', 'viewquestion', 2),
(7651, '2021-05-11 12:31:18', '::1', 'Mozilla/5.0 (Linux; Android 6.0; Nexus 5 Build/MRA58N) AppleWebKit/537.36 (KHTML, like Gecko) Chrome/90.0.4430.93 Mobile Safari/537.36', 'viewquestion', 2),
(7652, '2021-05-11 12:31:19', '::1', 'Mozilla/5.0 (Linux; Android 6.0; Nexus 5 Build/MRA58N) AppleWebKit/537.36 (KHTML, like Gecko) Chrome/90.0.4430.93 Mobile Safari/537.36', 'viewquestion', 2),
(7653, '2021-05-11 12:31:24', '::1', 'Mozilla/5.0 (Linux; Android 6.0; Nexus 5 Build/MRA58N) AppleWebKit/537.36 (KHTML, like Gecko) Chrome/90.0.4430.93 Mobile Safari/537.36', 'viewquestion', 2),
(7654, '2021-05-11 12:31:25', '::1', 'Mozilla/5.0 (Linux; Android 6.0; Nexus 5 Build/MRA58N) AppleWebKit/537.36 (KHTML, like Gecko) Chrome/90.0.4430.93 Mobile Safari/537.36', 'viewquestion', 2),
(7655, '2021-05-11 12:31:26', '::1', 'Mozilla/5.0 (Linux; Android 6.0; Nexus 5 Build/MRA58N) AppleWebKit/537.36 (KHTML, like Gecko) Chrome/90.0.4430.93 Mobile Safari/537.36', 'viewquestion', 2),
(7656, '2021-05-11 12:31:26', '::1', 'Mozilla/5.0 (Linux; Android 6.0; Nexus 5 Build/MRA58N) AppleWebKit/537.36 (KHTML, like Gecko) Chrome/90.0.4430.93 Mobile Safari/537.36', 'viewquestion', 2),
(7657, '2021-05-11 12:31:26', '::1', 'Mozilla/5.0 (Linux; Android 6.0; Nexus 5 Build/MRA58N) AppleWebKit/537.36 (KHTML, like Gecko) Chrome/90.0.4430.93 Mobile Safari/537.36', 'viewquestion', 2),
(7658, '2021-05-11 12:31:27', '::1', 'Mozilla/5.0 (Linux; Android 6.0; Nexus 5 Build/MRA58N) AppleWebKit/537.36 (KHTML, like Gecko) Chrome/90.0.4430.93 Mobile Safari/537.36', 'viewquestion', 2),
(7659, '2021-05-11 12:31:27', '::1', 'Mozilla/5.0 (Linux; Android 6.0; Nexus 5 Build/MRA58N) AppleWebKit/537.36 (KHTML, like Gecko) Chrome/90.0.4430.93 Mobile Safari/537.36', 'viewquestion', 2),
(7660, '2021-05-11 12:31:27', '::1', 'Mozilla/5.0 (Linux; Android 6.0; Nexus 5 Build/MRA58N) AppleWebKit/537.36 (KHTML, like Gecko) Chrome/90.0.4430.93 Mobile Safari/537.36', 'viewquestion', 2),
(7661, '2021-05-11 12:33:45', '::1', 'Mozilla/5.0 (Linux; Android 6.0; Nexus 5 Build/MRA58N) AppleWebKit/537.36 (KHTML, like Gecko) Chrome/90.0.4430.93 Mobile Safari/537.36', 'viewquestion', 2),
(7662, '2021-05-11 12:33:50', '::1', 'Mozilla/5.0 (Linux; Android 6.0; Nexus 5 Build/MRA58N) AppleWebKit/537.36 (KHTML, like Gecko) Chrome/90.0.4430.93 Mobile Safari/537.36', 'viewquestion', 2),
(7663, '2021-05-11 12:34:08', '::1', 'Mozilla/5.0 (Linux; Android 6.0; Nexus 5 Build/MRA58N) AppleWebKit/537.36 (KHTML, like Gecko) Chrome/90.0.4430.93 Mobile Safari/537.36', 'viewquestion', 2),
(7664, '2021-05-11 12:34:13', '::1', 'Mozilla/5.0 (Linux; Android 6.0; Nexus 5 Build/MRA58N) AppleWebKit/537.36 (KHTML, like Gecko) Chrome/90.0.4430.93 Mobile Safari/537.36', 'viewquestion', 2),
(7665, '2021-05-11 12:36:36', '::1', 'Mozilla/5.0 (Linux; Android 6.0; Nexus 5 Build/MRA58N) AppleWebKit/537.36 (KHTML, like Gecko) Chrome/90.0.4430.93 Mobile Safari/537.36', 'viewquestion', 2),
(7666, '2021-05-11 12:36:38', '::1', 'Mozilla/5.0 (Linux; Android 6.0; Nexus 5 Build/MRA58N) AppleWebKit/537.36 (KHTML, like Gecko) Chrome/90.0.4430.93 Mobile Safari/537.36', 'viewquestion', 2),
(7667, '2021-05-11 12:38:08', '::1', 'Mozilla/5.0 (Linux; Android 6.0; Nexus 5 Build/MRA58N) AppleWebKit/537.36 (KHTML, like Gecko) Chrome/90.0.4430.93 Mobile Safari/537.36', 'viewquestion', 2),
(7668, '2021-05-11 12:38:10', '::1', 'Mozilla/5.0 (Linux; Android 6.0; Nexus 5 Build/MRA58N) AppleWebKit/537.36 (KHTML, like Gecko) Chrome/90.0.4430.93 Mobile Safari/537.36', 'viewquestion', 2),
(7669, '2021-05-11 12:38:48', '::1', 'Mozilla/5.0 (Linux; Android 6.0; Nexus 5 Build/MRA58N) AppleWebKit/537.36 (KHTML, like Gecko) Chrome/90.0.4430.93 Mobile Safari/537.36', 'viewquestion', 2),
(7670, '2021-05-11 12:38:56', '::1', 'Mozilla/5.0 (Linux; Android 6.0; Nexus 5 Build/MRA58N) AppleWebKit/537.36 (KHTML, like Gecko) Chrome/90.0.4430.93 Mobile Safari/537.36', 'viewquestion', 2),
(7671, '2021-05-11 12:39:37', '::1', 'Mozilla/5.0 (Linux; Android 6.0; Nexus 5 Build/MRA58N) AppleWebKit/537.36 (KHTML, like Gecko) Chrome/90.0.4430.93 Mobile Safari/537.36', 'viewquestion', 2),
(7672, '2021-05-11 12:41:02', '::1', 'Mozilla/5.0 (Linux; Android 6.0; Nexus 5 Build/MRA58N) AppleWebKit/537.36 (KHTML, like Gecko) Chrome/90.0.4430.93 Mobile Safari/537.36', 'viewquestion', 2),
(7673, '2021-05-11 12:41:30', '::1', 'Mozilla/5.0 (Linux; Android 6.0; Nexus 5 Build/MRA58N) AppleWebKit/537.36 (KHTML, like Gecko) Chrome/90.0.4430.93 Mobile Safari/537.36', 'viewquestion', 2),
(7674, '2021-05-11 12:41:33', '::1', 'Mozilla/5.0 (Linux; Android 6.0; Nexus 5 Build/MRA58N) AppleWebKit/537.36 (KHTML, like Gecko) Chrome/90.0.4430.93 Mobile Safari/537.36', 'viewquestion', 2),
(7675, '2021-05-11 12:41:36', '::1', 'Mozilla/5.0 (Linux; Android 6.0; Nexus 5 Build/MRA58N) AppleWebKit/537.36 (KHTML, like Gecko) Chrome/90.0.4430.93 Mobile Safari/537.36', 'viewquestion', 2),
(7676, '2021-05-11 12:43:14', '::1', 'Mozilla/5.0 (Linux; Android 6.0; Nexus 5 Build/MRA58N) AppleWebKit/537.36 (KHTML, like Gecko) Chrome/90.0.4430.93 Mobile Safari/537.36', 'viewquestion', 2),
(7677, '2021-05-11 12:43:15', '::1', 'Mozilla/5.0 (Linux; Android 6.0; Nexus 5 Build/MRA58N) AppleWebKit/537.36 (KHTML, like Gecko) Chrome/90.0.4430.93 Mobile Safari/537.36', 'viewquestion', 2),
(7678, '2021-05-11 12:43:15', '::1', 'Mozilla/5.0 (Linux; Android 6.0; Nexus 5 Build/MRA58N) AppleWebKit/537.36 (KHTML, like Gecko) Chrome/90.0.4430.93 Mobile Safari/537.36', 'viewquestion', 2),
(7679, '2021-05-11 12:43:16', '::1', 'Mozilla/5.0 (Linux; Android 6.0; Nexus 5 Build/MRA58N) AppleWebKit/537.36 (KHTML, like Gecko) Chrome/90.0.4430.93 Mobile Safari/537.36', 'viewquestion', 2),
(7680, '2021-05-11 12:43:17', '::1', 'Mozilla/5.0 (Linux; Android 6.0; Nexus 5 Build/MRA58N) AppleWebKit/537.36 (KHTML, like Gecko) Chrome/90.0.4430.93 Mobile Safari/537.36', 'viewquestion', 2),
(7681, '2021-05-11 12:43:17', '::1', 'Mozilla/5.0 (Linux; Android 6.0; Nexus 5 Build/MRA58N) AppleWebKit/537.36 (KHTML, like Gecko) Chrome/90.0.4430.93 Mobile Safari/537.36', 'viewquestion', 2),
(7682, '2021-05-11 12:45:28', '::1', 'Mozilla/5.0 (Linux; Android 6.0; Nexus 5 Build/MRA58N) AppleWebKit/537.36 (KHTML, like Gecko) Chrome/90.0.4430.93 Mobile Safari/537.36', 'viewquestion', 2),
(7683, '2021-05-11 12:45:31', '::1', 'Mozilla/5.0 (Linux; Android 6.0; Nexus 5 Build/MRA58N) AppleWebKit/537.36 (KHTML, like Gecko) Chrome/90.0.4430.93 Mobile Safari/537.36', 'viewquestion', 2),
(7684, '2021-05-11 12:45:31', '::1', 'Mozilla/5.0 (Linux; Android 6.0; Nexus 5 Build/MRA58N) AppleWebKit/537.36 (KHTML, like Gecko) Chrome/90.0.4430.93 Mobile Safari/537.36', 'viewquestion', 2),
(7685, '2021-05-11 12:45:32', '::1', 'Mozilla/5.0 (Linux; Android 6.0; Nexus 5 Build/MRA58N) AppleWebKit/537.36 (KHTML, like Gecko) Chrome/90.0.4430.93 Mobile Safari/537.36', 'viewquestion', 2),
(7686, '2021-05-11 12:45:58', '::1', 'Mozilla/5.0 (Linux; Android 6.0; Nexus 5 Build/MRA58N) AppleWebKit/537.36 (KHTML, like Gecko) Chrome/90.0.4430.93 Mobile Safari/537.36', 'viewquestion', 2),
(7687, '2021-05-11 12:46:01', '::1', 'Mozilla/5.0 (Linux; Android 6.0; Nexus 5 Build/MRA58N) AppleWebKit/537.36 (KHTML, like Gecko) Chrome/90.0.4430.93 Mobile Safari/537.36', 'viewquestion', 2),
(7688, '2021-05-11 12:47:01', '::1', 'Mozilla/5.0 (Linux; Android 6.0; Nexus 5 Build/MRA58N) AppleWebKit/537.36 (KHTML, like Gecko) Chrome/90.0.4430.93 Mobile Safari/537.36', 'viewquestion', 2),
(7689, '2021-05-11 12:48:43', '::1', 'Mozilla/5.0 (Linux; Android 6.0; Nexus 5 Build/MRA58N) AppleWebKit/537.36 (KHTML, like Gecko) Chrome/90.0.4430.93 Mobile Safari/537.36', 'viewquestion', 2),
(7690, '2021-05-11 12:49:31', '::1', 'Mozilla/5.0 (Linux; Android 6.0; Nexus 5 Build/MRA58N) AppleWebKit/537.36 (KHTML, like Gecko) Chrome/90.0.4430.93 Mobile Safari/537.36', 'viewquestion', 2),
(7691, '2021-05-11 12:49:32', '::1', 'Mozilla/5.0 (Linux; Android 6.0; Nexus 5 Build/MRA58N) AppleWebKit/537.36 (KHTML, like Gecko) Chrome/90.0.4430.93 Mobile Safari/537.36', 'viewquestion', 2),
(7692, '2021-05-11 12:49:38', '::1', 'Mozilla/5.0 (Linux; Android 6.0; Nexus 5 Build/MRA58N) AppleWebKit/537.36 (KHTML, like Gecko) Chrome/90.0.4430.93 Mobile Safari/537.36', 'viewquestion', 2),
(7693, '2021-05-11 12:50:18', '::1', 'Mozilla/5.0 (Linux; Android 6.0; Nexus 5 Build/MRA58N) AppleWebKit/537.36 (KHTML, like Gecko) Chrome/90.0.4430.93 Mobile Safari/537.36', 'viewquestion', 2),
(7694, '2021-05-11 12:51:42', '::1', 'Mozilla/5.0 (Linux; Android 6.0; Nexus 5 Build/MRA58N) AppleWebKit/537.36 (KHTML, like Gecko) Chrome/90.0.4430.93 Mobile Safari/537.36', 'viewquestion', 2),
(7695, '2021-05-11 12:51:45', '::1', 'Mozilla/5.0 (Linux; Android 6.0; Nexus 5 Build/MRA58N) AppleWebKit/537.36 (KHTML, like Gecko) Chrome/90.0.4430.93 Mobile Safari/537.36', 'viewquestion', 2),
(7696, '2021-05-11 12:51:46', '::1', 'Mozilla/5.0 (Linux; Android 6.0; Nexus 5 Build/MRA58N) AppleWebKit/537.36 (KHTML, like Gecko) Chrome/90.0.4430.93 Mobile Safari/537.36', 'viewquestion', 2),
(7697, '2021-05-11 12:51:46', '::1', 'Mozilla/5.0 (Linux; Android 6.0; Nexus 5 Build/MRA58N) AppleWebKit/537.36 (KHTML, like Gecko) Chrome/90.0.4430.93 Mobile Safari/537.36', 'viewquestion', 2),
(7698, '2021-05-11 12:51:47', '::1', 'Mozilla/5.0 (Linux; Android 6.0; Nexus 5 Build/MRA58N) AppleWebKit/537.36 (KHTML, like Gecko) Chrome/90.0.4430.93 Mobile Safari/537.36', 'viewquestion', 2),
(7699, '2021-05-11 12:51:47', '::1', 'Mozilla/5.0 (Linux; Android 6.0; Nexus 5 Build/MRA58N) AppleWebKit/537.36 (KHTML, like Gecko) Chrome/90.0.4430.93 Mobile Safari/537.36', 'viewquestion', 2),
(7700, '2021-05-11 12:51:47', '::1', 'Mozilla/5.0 (Linux; Android 6.0; Nexus 5 Build/MRA58N) AppleWebKit/537.36 (KHTML, like Gecko) Chrome/90.0.4430.93 Mobile Safari/537.36', 'viewquestion', 2),
(7701, '2021-05-11 12:51:48', '::1', 'Mozilla/5.0 (Linux; Android 6.0; Nexus 5 Build/MRA58N) AppleWebKit/537.36 (KHTML, like Gecko) Chrome/90.0.4430.93 Mobile Safari/537.36', 'viewquestion', 2),
(7702, '2021-05-11 12:52:03', '::1', 'Mozilla/5.0 (Linux; Android 6.0; Nexus 5 Build/MRA58N) AppleWebKit/537.36 (KHTML, like Gecko) Chrome/90.0.4430.93 Mobile Safari/537.36', 'viewquestion', 2),
(7703, '2021-05-11 12:52:16', '::1', 'Mozilla/5.0 (Linux; Android 6.0; Nexus 5 Build/MRA58N) AppleWebKit/537.36 (KHTML, like Gecko) Chrome/90.0.4430.93 Mobile Safari/537.36', 'viewquestion', 2),
(7704, '2021-05-11 12:52:17', '::1', 'Mozilla/5.0 (Linux; Android 6.0; Nexus 5 Build/MRA58N) AppleWebKit/537.36 (KHTML, like Gecko) Chrome/90.0.4430.93 Mobile Safari/537.36', 'viewquestion', 2),
(7705, '2021-05-11 12:52:17', '::1', 'Mozilla/5.0 (Linux; Android 6.0; Nexus 5 Build/MRA58N) AppleWebKit/537.36 (KHTML, like Gecko) Chrome/90.0.4430.93 Mobile Safari/537.36', 'viewquestion', 2),
(7706, '2021-05-11 12:52:17', '::1', 'Mozilla/5.0 (Linux; Android 6.0; Nexus 5 Build/MRA58N) AppleWebKit/537.36 (KHTML, like Gecko) Chrome/90.0.4430.93 Mobile Safari/537.36', 'viewquestion', 2),
(7707, '2021-05-11 12:52:18', '::1', 'Mozilla/5.0 (Linux; Android 6.0; Nexus 5 Build/MRA58N) AppleWebKit/537.36 (KHTML, like Gecko) Chrome/90.0.4430.93 Mobile Safari/537.36', 'viewquestion', 2),
(7708, '2021-05-11 12:52:22', '::1', 'Mozilla/5.0 (Linux; Android 6.0; Nexus 5 Build/MRA58N) AppleWebKit/537.36 (KHTML, like Gecko) Chrome/90.0.4430.93 Mobile Safari/537.36', 'viewquestion', 2),
(7709, '2021-05-11 12:52:23', '::1', 'Mozilla/5.0 (Linux; Android 6.0; Nexus 5 Build/MRA58N) AppleWebKit/537.36 (KHTML, like Gecko) Chrome/90.0.4430.93 Mobile Safari/537.36', 'viewquestion', 2),
(7710, '2021-05-11 12:52:31', '::1', 'Mozilla/5.0 (Linux; Android 6.0; Nexus 5 Build/MRA58N) AppleWebKit/537.36 (KHTML, like Gecko) Chrome/90.0.4430.93 Mobile Safari/537.36', 'viewquestion', 2),
(7711, '2021-05-11 12:52:32', '::1', 'Mozilla/5.0 (Linux; Android 6.0; Nexus 5 Build/MRA58N) AppleWebKit/537.36 (KHTML, like Gecko) Chrome/90.0.4430.93 Mobile Safari/537.36', 'viewquestion', 2),
(7712, '2021-05-11 12:52:33', '::1', 'Mozilla/5.0 (Linux; Android 6.0; Nexus 5 Build/MRA58N) AppleWebKit/537.36 (KHTML, like Gecko) Chrome/90.0.4430.93 Mobile Safari/537.36', 'viewquestion', 2),
(7713, '2021-05-11 12:53:53', '::1', 'Mozilla/5.0 (Linux; Android 6.0; Nexus 5 Build/MRA58N) AppleWebKit/537.36 (KHTML, like Gecko) Chrome/90.0.4430.93 Mobile Safari/537.36', 'viewquestion', 2),
(7714, '2021-05-11 12:53:55', '::1', 'Mozilla/5.0 (Linux; Android 6.0; Nexus 5 Build/MRA58N) AppleWebKit/537.36 (KHTML, like Gecko) Chrome/90.0.4430.93 Mobile Safari/537.36', 'viewquestion', 2),
(7715, '2021-05-11 12:53:56', '::1', 'Mozilla/5.0 (Linux; Android 6.0; Nexus 5 Build/MRA58N) AppleWebKit/537.36 (KHTML, like Gecko) Chrome/90.0.4430.93 Mobile Safari/537.36', 'viewquestion', 2),
(7716, '2021-05-11 12:53:56', '::1', 'Mozilla/5.0 (Linux; Android 6.0; Nexus 5 Build/MRA58N) AppleWebKit/537.36 (KHTML, like Gecko) Chrome/90.0.4430.93 Mobile Safari/537.36', 'viewquestion', 2),
(7717, '2021-05-11 12:53:57', '::1', 'Mozilla/5.0 (Linux; Android 6.0; Nexus 5 Build/MRA58N) AppleWebKit/537.36 (KHTML, like Gecko) Chrome/90.0.4430.93 Mobile Safari/537.36', 'viewquestion', 2),
(7718, '2021-05-11 12:53:57', '::1', 'Mozilla/5.0 (Linux; Android 6.0; Nexus 5 Build/MRA58N) AppleWebKit/537.36 (KHTML, like Gecko) Chrome/90.0.4430.93 Mobile Safari/537.36', 'viewquestion', 2),
(7719, '2021-05-11 12:53:57', '::1', 'Mozilla/5.0 (Linux; Android 6.0; Nexus 5 Build/MRA58N) AppleWebKit/537.36 (KHTML, like Gecko) Chrome/90.0.4430.93 Mobile Safari/537.36', 'viewquestion', 2),
(7720, '2021-05-11 12:54:05', '::1', 'Mozilla/5.0 (Linux; Android 6.0; Nexus 5 Build/MRA58N) AppleWebKit/537.36 (KHTML, like Gecko) Chrome/90.0.4430.93 Mobile Safari/537.36', 'viewquestion', 2),
(7721, '2021-05-11 12:54:06', '::1', 'Mozilla/5.0 (Linux; Android 6.0; Nexus 5 Build/MRA58N) AppleWebKit/537.36 (KHTML, like Gecko) Chrome/90.0.4430.93 Mobile Safari/537.36', 'viewquestion', 2),
(7722, '2021-05-11 12:54:09', '::1', 'Mozilla/5.0 (Linux; Android 6.0; Nexus 5 Build/MRA58N) AppleWebKit/537.36 (KHTML, like Gecko) Chrome/90.0.4430.93 Mobile Safari/537.36', 'viewquestion', 2);
INSERT INTO `log` (`logid`, `timestamp`, `ip`, `browser`, `activity`, `loginid`) VALUES
(7723, '2021-05-11 12:54:10', '::1', 'Mozilla/5.0 (Linux; Android 6.0; Nexus 5 Build/MRA58N) AppleWebKit/537.36 (KHTML, like Gecko) Chrome/90.0.4430.93 Mobile Safari/537.36', 'viewquestion', 2),
(7724, '2021-05-11 12:56:11', '::1', 'Mozilla/5.0 (Linux; Android 6.0; Nexus 5 Build/MRA58N) AppleWebKit/537.36 (KHTML, like Gecko) Chrome/90.0.4430.93 Mobile Safari/537.36', 'viewquestion', 2),
(7725, '2021-05-11 12:56:12', '::1', 'Mozilla/5.0 (Linux; Android 6.0; Nexus 5 Build/MRA58N) AppleWebKit/537.36 (KHTML, like Gecko) Chrome/90.0.4430.93 Mobile Safari/537.36', 'viewquestion', 2),
(7726, '2021-05-11 12:56:12', '::1', 'Mozilla/5.0 (Linux; Android 6.0; Nexus 5 Build/MRA58N) AppleWebKit/537.36 (KHTML, like Gecko) Chrome/90.0.4430.93 Mobile Safari/537.36', 'viewquestion', 2),
(7727, '2021-05-11 12:56:12', '::1', 'Mozilla/5.0 (Linux; Android 6.0; Nexus 5 Build/MRA58N) AppleWebKit/537.36 (KHTML, like Gecko) Chrome/90.0.4430.93 Mobile Safari/537.36', 'viewquestion', 2),
(7728, '2021-05-11 12:56:13', '::1', 'Mozilla/5.0 (Linux; Android 6.0; Nexus 5 Build/MRA58N) AppleWebKit/537.36 (KHTML, like Gecko) Chrome/90.0.4430.93 Mobile Safari/537.36', 'viewquestion', 2),
(7729, '2021-05-11 12:56:13', '::1', 'Mozilla/5.0 (Linux; Android 6.0; Nexus 5 Build/MRA58N) AppleWebKit/537.36 (KHTML, like Gecko) Chrome/90.0.4430.93 Mobile Safari/537.36', 'viewquestion', 2),
(7730, '2021-05-11 12:56:38', '::1', 'Mozilla/5.0 (Linux; Android 6.0; Nexus 5 Build/MRA58N) AppleWebKit/537.36 (KHTML, like Gecko) Chrome/90.0.4430.93 Mobile Safari/537.36', 'viewquestion', 2),
(7731, '2021-05-11 12:56:41', '::1', 'Mozilla/5.0 (Linux; Android 6.0; Nexus 5 Build/MRA58N) AppleWebKit/537.36 (KHTML, like Gecko) Chrome/90.0.4430.93 Mobile Safari/537.36', 'viewquestion', 2),
(7732, '2021-05-11 12:57:45', '::1', 'Mozilla/5.0 (Linux; Android 6.0; Nexus 5 Build/MRA58N) AppleWebKit/537.36 (KHTML, like Gecko) Chrome/90.0.4430.93 Mobile Safari/537.36', 'viewquestion', 2),
(7733, '2021-05-11 12:57:45', '::1', 'Mozilla/5.0 (Linux; Android 6.0; Nexus 5 Build/MRA58N) AppleWebKit/537.36 (KHTML, like Gecko) Chrome/90.0.4430.93 Mobile Safari/537.36', 'viewquestion', 2),
(7734, '2021-05-11 12:58:59', '::1', 'Mozilla/5.0 (Linux; Android 6.0; Nexus 5 Build/MRA58N) AppleWebKit/537.36 (KHTML, like Gecko) Chrome/90.0.4430.93 Mobile Safari/537.36', 'viewquestion', 2),
(7735, '2021-05-11 13:00:17', '::1', 'Mozilla/5.0 (Linux; Android 6.0; Nexus 5 Build/MRA58N) AppleWebKit/537.36 (KHTML, like Gecko) Chrome/90.0.4430.93 Mobile Safari/537.36', 'viewquestion', 2),
(7736, '2021-05-11 13:00:18', '::1', 'Mozilla/5.0 (Linux; Android 6.0; Nexus 5 Build/MRA58N) AppleWebKit/537.36 (KHTML, like Gecko) Chrome/90.0.4430.93 Mobile Safari/537.36', 'viewquestion', 2),
(7737, '2021-05-11 13:00:22', '::1', 'Mozilla/5.0 (Linux; Android 6.0; Nexus 5 Build/MRA58N) AppleWebKit/537.36 (KHTML, like Gecko) Chrome/90.0.4430.93 Mobile Safari/537.36', 'viewquestion', 2),
(7738, '2021-05-11 13:01:15', '::1', 'Mozilla/5.0 (Linux; Android 6.0; Nexus 5 Build/MRA58N) AppleWebKit/537.36 (KHTML, like Gecko) Chrome/90.0.4430.93 Mobile Safari/537.36', 'viewquestion', 2),
(7739, '2021-05-11 13:01:16', '::1', 'Mozilla/5.0 (Linux; Android 6.0; Nexus 5 Build/MRA58N) AppleWebKit/537.36 (KHTML, like Gecko) Chrome/90.0.4430.93 Mobile Safari/537.36', 'viewquestion', 2),
(7740, '2021-05-11 13:01:21', '::1', 'Mozilla/5.0 (Linux; Android 6.0; Nexus 5 Build/MRA58N) AppleWebKit/537.36 (KHTML, like Gecko) Chrome/90.0.4430.93 Mobile Safari/537.36', 'viewquestion', 2),
(7741, '2021-05-11 13:01:59', '::1', 'Mozilla/5.0 (Linux; Android 6.0; Nexus 5 Build/MRA58N) AppleWebKit/537.36 (KHTML, like Gecko) Chrome/90.0.4430.93 Mobile Safari/537.36', 'viewquestion', 2),
(7742, '2021-05-11 13:03:09', '::1', 'Mozilla/5.0 (Linux; Android 6.0; Nexus 5 Build/MRA58N) AppleWebKit/537.36 (KHTML, like Gecko) Chrome/90.0.4430.93 Mobile Safari/537.36', 'viewquestion', 2),
(7743, '2021-05-11 13:03:17', '::1', 'Mozilla/5.0 (Linux; Android 6.0; Nexus 5 Build/MRA58N) AppleWebKit/537.36 (KHTML, like Gecko) Chrome/90.0.4430.93 Mobile Safari/537.36', 'viewquestion', 2),
(7744, '2021-05-11 13:03:19', '::1', 'Mozilla/5.0 (Linux; Android 6.0; Nexus 5 Build/MRA58N) AppleWebKit/537.36 (KHTML, like Gecko) Chrome/90.0.4430.93 Mobile Safari/537.36', 'viewquestion', 2),
(7745, '2021-05-11 13:03:20', '::1', 'Mozilla/5.0 (Linux; Android 6.0; Nexus 5 Build/MRA58N) AppleWebKit/537.36 (KHTML, like Gecko) Chrome/90.0.4430.93 Mobile Safari/537.36', 'viewquestion', 2),
(7746, '2021-05-11 13:04:10', '::1', 'Mozilla/5.0 (Linux; Android 6.0; Nexus 5 Build/MRA58N) AppleWebKit/537.36 (KHTML, like Gecko) Chrome/90.0.4430.93 Mobile Safari/537.36', 'viewquestion', 2),
(7747, '2021-05-11 13:04:37', '::1', 'Mozilla/5.0 (Linux; Android 6.0; Nexus 5 Build/MRA58N) AppleWebKit/537.36 (KHTML, like Gecko) Chrome/90.0.4430.93 Mobile Safari/537.36', 'viewquestion', 2),
(7748, '2021-05-11 13:04:42', '::1', 'Mozilla/5.0 (Linux; Android 6.0; Nexus 5 Build/MRA58N) AppleWebKit/537.36 (KHTML, like Gecko) Chrome/90.0.4430.93 Mobile Safari/537.36', 'viewquestion', 2),
(7749, '2021-05-11 13:05:47', '::1', 'Mozilla/5.0 (Linux; Android 6.0; Nexus 5 Build/MRA58N) AppleWebKit/537.36 (KHTML, like Gecko) Chrome/90.0.4430.93 Mobile Safari/537.36', 'viewquestion', 2),
(7750, '2021-05-11 13:05:48', '::1', 'Mozilla/5.0 (Linux; Android 6.0; Nexus 5 Build/MRA58N) AppleWebKit/537.36 (KHTML, like Gecko) Chrome/90.0.4430.93 Mobile Safari/537.36', 'viewquestion', 2),
(7751, '2021-05-11 13:05:49', '::1', 'Mozilla/5.0 (Linux; Android 6.0; Nexus 5 Build/MRA58N) AppleWebKit/537.36 (KHTML, like Gecko) Chrome/90.0.4430.93 Mobile Safari/537.36', 'viewquestion', 2),
(7752, '2021-05-11 13:06:03', '::1', 'Mozilla/5.0 (Linux; Android 6.0; Nexus 5 Build/MRA58N) AppleWebKit/537.36 (KHTML, like Gecko) Chrome/90.0.4430.93 Mobile Safari/537.36', 'viewquestion', 2),
(7753, '2021-05-11 13:06:04', '::1', 'Mozilla/5.0 (Linux; Android 6.0; Nexus 5 Build/MRA58N) AppleWebKit/537.36 (KHTML, like Gecko) Chrome/90.0.4430.93 Mobile Safari/537.36', 'viewquestion', 2),
(7754, '2021-05-11 13:06:05', '::1', 'Mozilla/5.0 (Linux; Android 6.0; Nexus 5 Build/MRA58N) AppleWebKit/537.36 (KHTML, like Gecko) Chrome/90.0.4430.93 Mobile Safari/537.36', 'viewquestion', 2),
(7755, '2021-05-11 13:06:18', '::1', 'Mozilla/5.0 (Linux; Android 6.0; Nexus 5 Build/MRA58N) AppleWebKit/537.36 (KHTML, like Gecko) Chrome/90.0.4430.93 Mobile Safari/537.36', 'viewquestion', 2),
(7756, '2021-05-11 13:07:06', '::1', 'Mozilla/5.0 (Linux; Android 6.0; Nexus 5 Build/MRA58N) AppleWebKit/537.36 (KHTML, like Gecko) Chrome/90.0.4430.93 Mobile Safari/537.36', 'viewquestion', 2),
(7757, '2021-05-11 13:07:07', '::1', 'Mozilla/5.0 (Linux; Android 6.0; Nexus 5 Build/MRA58N) AppleWebKit/537.36 (KHTML, like Gecko) Chrome/90.0.4430.93 Mobile Safari/537.36', 'viewquestion', 2),
(7758, '2021-05-11 13:07:20', '::1', 'Mozilla/5.0 (Linux; Android 6.0; Nexus 5 Build/MRA58N) AppleWebKit/537.36 (KHTML, like Gecko) Chrome/90.0.4430.93 Mobile Safari/537.36', 'viewquestion', 2),
(7759, '2021-05-11 13:07:42', '::1', 'Mozilla/5.0 (Linux; Android 6.0; Nexus 5 Build/MRA58N) AppleWebKit/537.36 (KHTML, like Gecko) Chrome/90.0.4430.93 Mobile Safari/537.36', 'viewquestion', 2),
(7760, '2021-05-11 13:07:46', '::1', 'Mozilla/5.0 (Linux; Android 6.0; Nexus 5 Build/MRA58N) AppleWebKit/537.36 (KHTML, like Gecko) Chrome/90.0.4430.93 Mobile Safari/537.36', 'viewquestion', 2),
(7761, '2021-05-11 13:08:26', '::1', 'Mozilla/5.0 (Linux; Android 6.0; Nexus 5 Build/MRA58N) AppleWebKit/537.36 (KHTML, like Gecko) Chrome/90.0.4430.93 Mobile Safari/537.36', 'viewquestion', 2),
(7762, '2021-05-11 13:08:27', '::1', 'Mozilla/5.0 (Linux; Android 6.0; Nexus 5 Build/MRA58N) AppleWebKit/537.36 (KHTML, like Gecko) Chrome/90.0.4430.93 Mobile Safari/537.36', 'viewquestion', 2),
(7763, '2021-05-11 13:08:33', '::1', 'Mozilla/5.0 (Linux; Android 6.0; Nexus 5 Build/MRA58N) AppleWebKit/537.36 (KHTML, like Gecko) Chrome/90.0.4430.93 Mobile Safari/537.36', 'viewquestion', 2),
(7764, '2021-05-11 13:08:45', '::1', 'Mozilla/5.0 (Linux; Android 6.0; Nexus 5 Build/MRA58N) AppleWebKit/537.36 (KHTML, like Gecko) Chrome/90.0.4430.93 Mobile Safari/537.36', 'viewquestion', 2),
(7765, '2021-05-11 13:08:48', '::1', 'Mozilla/5.0 (Linux; Android 6.0; Nexus 5 Build/MRA58N) AppleWebKit/537.36 (KHTML, like Gecko) Chrome/90.0.4430.93 Mobile Safari/537.36', 'viewquestion', 2),
(7766, '2021-05-11 13:09:54', '::1', 'Mozilla/5.0 (Linux; Android 6.0; Nexus 5 Build/MRA58N) AppleWebKit/537.36 (KHTML, like Gecko) Chrome/90.0.4430.93 Mobile Safari/537.36', 'viewquestion', 2),
(7767, '2021-05-11 13:09:59', '::1', 'Mozilla/5.0 (Linux; Android 6.0; Nexus 5 Build/MRA58N) AppleWebKit/537.36 (KHTML, like Gecko) Chrome/90.0.4430.93 Mobile Safari/537.36', 'viewquestion', 2),
(7768, '2021-05-11 13:10:04', '::1', 'Mozilla/5.0 (Linux; Android 6.0; Nexus 5 Build/MRA58N) AppleWebKit/537.36 (KHTML, like Gecko) Chrome/90.0.4430.93 Mobile Safari/537.36', 'viewquestion', 2),
(7769, '2021-05-11 13:10:17', '::1', 'Mozilla/5.0 (Linux; Android 6.0; Nexus 5 Build/MRA58N) AppleWebKit/537.36 (KHTML, like Gecko) Chrome/90.0.4430.93 Mobile Safari/537.36', 'viewquestion', 2),
(7770, '2021-05-11 13:10:49', '::1', 'Mozilla/5.0 (Linux; Android 6.0; Nexus 5 Build/MRA58N) AppleWebKit/537.36 (KHTML, like Gecko) Chrome/90.0.4430.93 Mobile Safari/537.36', 'viewquestion', 2),
(7771, '2021-05-11 13:11:47', '::1', 'Mozilla/5.0 (Linux; Android 6.0; Nexus 5 Build/MRA58N) AppleWebKit/537.36 (KHTML, like Gecko) Chrome/90.0.4430.93 Mobile Safari/537.36', 'viewquestion', 2),
(7772, '2021-05-11 13:11:50', '::1', 'Mozilla/5.0 (Linux; Android 6.0; Nexus 5 Build/MRA58N) AppleWebKit/537.36 (KHTML, like Gecko) Chrome/90.0.4430.93 Mobile Safari/537.36', 'viewquestion', 2),
(7773, '2021-05-11 13:13:21', '::1', 'Mozilla/5.0 (Linux; Android 6.0; Nexus 5 Build/MRA58N) AppleWebKit/537.36 (KHTML, like Gecko) Chrome/90.0.4430.93 Mobile Safari/537.36', 'viewquestion', 2),
(7774, '2021-05-11 13:13:22', '::1', 'Mozilla/5.0 (Linux; Android 6.0; Nexus 5 Build/MRA58N) AppleWebKit/537.36 (KHTML, like Gecko) Chrome/90.0.4430.93 Mobile Safari/537.36', 'viewquestion', 2),
(7775, '2021-05-11 13:14:36', '::1', 'Mozilla/5.0 (Linux; Android 6.0; Nexus 5 Build/MRA58N) AppleWebKit/537.36 (KHTML, like Gecko) Chrome/90.0.4430.93 Mobile Safari/537.36', 'viewquestion', 2),
(7776, '2021-05-11 13:14:45', '::1', 'Mozilla/5.0 (Linux; Android 6.0; Nexus 5 Build/MRA58N) AppleWebKit/537.36 (KHTML, like Gecko) Chrome/90.0.4430.93 Mobile Safari/537.36', 'viewquestion', 2),
(7777, '2021-05-11 13:14:51', '::1', 'Mozilla/5.0 (Linux; Android 6.0; Nexus 5 Build/MRA58N) AppleWebKit/537.36 (KHTML, like Gecko) Chrome/90.0.4430.93 Mobile Safari/537.36', 'viewquestion', 2),
(7778, '2021-05-11 13:14:56', '::1', 'Mozilla/5.0 (Linux; Android 6.0; Nexus 5 Build/MRA58N) AppleWebKit/537.36 (KHTML, like Gecko) Chrome/90.0.4430.93 Mobile Safari/537.36', 'viewquestion', 2),
(7779, '2021-05-11 13:14:57', '::1', 'Mozilla/5.0 (Linux; Android 6.0; Nexus 5 Build/MRA58N) AppleWebKit/537.36 (KHTML, like Gecko) Chrome/90.0.4430.93 Mobile Safari/537.36', 'viewquestion', 2),
(7780, '2021-05-11 13:14:58', '::1', 'Mozilla/5.0 (Linux; Android 6.0; Nexus 5 Build/MRA58N) AppleWebKit/537.36 (KHTML, like Gecko) Chrome/90.0.4430.93 Mobile Safari/537.36', 'viewquestion', 2),
(7781, '2021-05-11 13:17:59', '::1', 'Mozilla/5.0 (Linux; Android 6.0; Nexus 5 Build/MRA58N) AppleWebKit/537.36 (KHTML, like Gecko) Chrome/90.0.4430.93 Mobile Safari/537.36', 'viewquestion', 2),
(7782, '2021-05-11 13:18:22', '::1', 'Mozilla/5.0 (Linux; Android 6.0; Nexus 5 Build/MRA58N) AppleWebKit/537.36 (KHTML, like Gecko) Chrome/90.0.4430.93 Mobile Safari/537.36', 'viewquestion', 2),
(7783, '2021-05-11 13:18:23', '::1', 'Mozilla/5.0 (Linux; Android 6.0; Nexus 5 Build/MRA58N) AppleWebKit/537.36 (KHTML, like Gecko) Chrome/90.0.4430.93 Mobile Safari/537.36', 'viewquestion', 2),
(7784, '2021-05-11 13:18:24', '::1', 'Mozilla/5.0 (Linux; Android 6.0; Nexus 5 Build/MRA58N) AppleWebKit/537.36 (KHTML, like Gecko) Chrome/90.0.4430.93 Mobile Safari/537.36', 'viewquestion', 2),
(7785, '2021-05-11 13:18:31', '::1', 'Mozilla/5.0 (Linux; Android 6.0; Nexus 5 Build/MRA58N) AppleWebKit/537.36 (KHTML, like Gecko) Chrome/90.0.4430.93 Mobile Safari/537.36', 'viewquestion', 2),
(7786, '2021-05-11 13:18:41', '::1', 'Mozilla/5.0 (Linux; Android 6.0; Nexus 5 Build/MRA58N) AppleWebKit/537.36 (KHTML, like Gecko) Chrome/90.0.4430.93 Mobile Safari/537.36', 'viewquestion', 2),
(7787, '2021-05-11 13:19:47', '::1', 'Mozilla/5.0 (Linux; Android 6.0; Nexus 5 Build/MRA58N) AppleWebKit/537.36 (KHTML, like Gecko) Chrome/90.0.4430.93 Mobile Safari/537.36', 'viewquestion', 2),
(7788, '2021-05-11 13:19:48', '::1', 'Mozilla/5.0 (Linux; Android 6.0; Nexus 5 Build/MRA58N) AppleWebKit/537.36 (KHTML, like Gecko) Chrome/90.0.4430.93 Mobile Safari/537.36', 'viewquestion', 2),
(7789, '2021-05-11 13:20:00', '::1', 'Mozilla/5.0 (Linux; Android 6.0; Nexus 5 Build/MRA58N) AppleWebKit/537.36 (KHTML, like Gecko) Chrome/90.0.4430.93 Mobile Safari/537.36', 'viewquestion', 2),
(7790, '2021-05-11 13:20:05', '::1', 'Mozilla/5.0 (Linux; Android 6.0; Nexus 5 Build/MRA58N) AppleWebKit/537.36 (KHTML, like Gecko) Chrome/90.0.4430.93 Mobile Safari/537.36', 'viewquestion', 2),
(7791, '2021-05-11 13:21:51', '::1', 'Mozilla/5.0 (Linux; Android 6.0; Nexus 5 Build/MRA58N) AppleWebKit/537.36 (KHTML, like Gecko) Chrome/90.0.4430.93 Mobile Safari/537.36', 'viewquestion', 2),
(7792, '2021-05-11 13:21:52', '::1', 'Mozilla/5.0 (Linux; Android 6.0; Nexus 5 Build/MRA58N) AppleWebKit/537.36 (KHTML, like Gecko) Chrome/90.0.4430.93 Mobile Safari/537.36', 'viewquestion', 2),
(7793, '2021-05-11 13:21:56', '::1', 'Mozilla/5.0 (Linux; Android 6.0; Nexus 5 Build/MRA58N) AppleWebKit/537.36 (KHTML, like Gecko) Chrome/90.0.4430.93 Mobile Safari/537.36', 'viewquestion', 2),
(7794, '2021-05-11 13:22:35', '::1', 'Mozilla/5.0 (Linux; Android 6.0; Nexus 5 Build/MRA58N) AppleWebKit/537.36 (KHTML, like Gecko) Chrome/90.0.4430.93 Mobile Safari/537.36', 'viewquestion', 2),
(7795, '2021-05-11 13:22:35', '::1', 'Mozilla/5.0 (Linux; Android 6.0; Nexus 5 Build/MRA58N) AppleWebKit/537.36 (KHTML, like Gecko) Chrome/90.0.4430.93 Mobile Safari/537.36', 'viewquestion', 2),
(7796, '2021-05-11 13:22:42', '::1', 'Mozilla/5.0 (Linux; Android 6.0; Nexus 5 Build/MRA58N) AppleWebKit/537.36 (KHTML, like Gecko) Chrome/90.0.4430.93 Mobile Safari/537.36', 'viewquestion', 2),
(7797, '2021-05-11 13:24:09', '::1', 'Mozilla/5.0 (Linux; Android 6.0; Nexus 5 Build/MRA58N) AppleWebKit/537.36 (KHTML, like Gecko) Chrome/90.0.4430.93 Mobile Safari/537.36', 'viewquestion', 2),
(7798, '2021-05-11 13:24:10', '::1', 'Mozilla/5.0 (Linux; Android 6.0; Nexus 5 Build/MRA58N) AppleWebKit/537.36 (KHTML, like Gecko) Chrome/90.0.4430.93 Mobile Safari/537.36', 'viewquestion', 2),
(7799, '2021-05-11 13:24:11', '::1', 'Mozilla/5.0 (Linux; Android 6.0; Nexus 5 Build/MRA58N) AppleWebKit/537.36 (KHTML, like Gecko) Chrome/90.0.4430.93 Mobile Safari/537.36', 'viewquestion', 2),
(7800, '2021-05-11 13:24:11', '::1', 'Mozilla/5.0 (Linux; Android 6.0; Nexus 5 Build/MRA58N) AppleWebKit/537.36 (KHTML, like Gecko) Chrome/90.0.4430.93 Mobile Safari/537.36', 'viewquestion', 2),
(7801, '2021-05-11 13:24:12', '::1', 'Mozilla/5.0 (Linux; Android 6.0; Nexus 5 Build/MRA58N) AppleWebKit/537.36 (KHTML, like Gecko) Chrome/90.0.4430.93 Mobile Safari/537.36', 'viewquestion', 2),
(7802, '2021-05-11 13:24:12', '::1', 'Mozilla/5.0 (Linux; Android 6.0; Nexus 5 Build/MRA58N) AppleWebKit/537.36 (KHTML, like Gecko) Chrome/90.0.4430.93 Mobile Safari/537.36', 'viewquestion', 2),
(7803, '2021-05-11 13:24:19', '::1', 'Mozilla/5.0 (Linux; Android 6.0; Nexus 5 Build/MRA58N) AppleWebKit/537.36 (KHTML, like Gecko) Chrome/90.0.4430.93 Mobile Safari/537.36', 'viewuser', 2),
(7804, '2021-05-11 13:24:34', '::1', 'Mozilla/5.0 (Linux; Android 6.0; Nexus 5 Build/MRA58N) AppleWebKit/537.36 (KHTML, like Gecko) Chrome/90.0.4430.93 Mobile Safari/537.36', 'viewquestion', 2),
(7805, '2021-05-11 13:24:49', '::1', 'Mozilla/5.0 (Linux; Android 6.0; Nexus 5 Build/MRA58N) AppleWebKit/537.36 (KHTML, like Gecko) Chrome/90.0.4430.93 Mobile Safari/537.36', 'viewquestion', 2),
(7806, '2021-05-11 13:24:55', '::1', 'Mozilla/5.0 (Linux; Android 6.0; Nexus 5 Build/MRA58N) AppleWebKit/537.36 (KHTML, like Gecko) Chrome/90.0.4430.93 Mobile Safari/537.36', 'viewquestion', 2),
(7807, '2021-05-11 13:24:59', '::1', 'Mozilla/5.0 (Linux; Android 6.0; Nexus 5 Build/MRA58N) AppleWebKit/537.36 (KHTML, like Gecko) Chrome/90.0.4430.93 Mobile Safari/537.36', 'viewquestion', 2),
(7808, '2021-05-11 13:26:52', '::1', 'Mozilla/5.0 (Linux; Android 6.0; Nexus 5 Build/MRA58N) AppleWebKit/537.36 (KHTML, like Gecko) Chrome/90.0.4430.93 Mobile Safari/537.36', 'viewquestion', 2),
(7809, '2021-05-11 13:26:53', '::1', 'Mozilla/5.0 (Linux; Android 6.0; Nexus 5 Build/MRA58N) AppleWebKit/537.36 (KHTML, like Gecko) Chrome/90.0.4430.93 Mobile Safari/537.36', 'viewquestion', 2),
(7810, '2021-05-11 13:26:59', '::1', 'Mozilla/5.0 (Linux; Android 6.0; Nexus 5 Build/MRA58N) AppleWebKit/537.36 (KHTML, like Gecko) Chrome/90.0.4430.93 Mobile Safari/537.36', 'viewquestion', 2),
(7811, '2021-05-11 13:27:02', '::1', 'Mozilla/5.0 (Linux; Android 6.0; Nexus 5 Build/MRA58N) AppleWebKit/537.36 (KHTML, like Gecko) Chrome/90.0.4430.93 Mobile Safari/537.36', 'viewuser', 2),
(7812, '2021-05-11 13:28:03', '::1', 'Mozilla/5.0 (Linux; Android 6.0; Nexus 5 Build/MRA58N) AppleWebKit/537.36 (KHTML, like Gecko) Chrome/90.0.4430.93 Mobile Safari/537.36', 'viewquestion', 2),
(7813, '2021-05-11 13:28:03', '::1', 'Mozilla/5.0 (Linux; Android 6.0; Nexus 5 Build/MRA58N) AppleWebKit/537.36 (KHTML, like Gecko) Chrome/90.0.4430.93 Mobile Safari/537.36', 'viewquestion', 2),
(7814, '2021-05-11 13:28:32', '::1', 'Mozilla/5.0 (Linux; Android 6.0; Nexus 5 Build/MRA58N) AppleWebKit/537.36 (KHTML, like Gecko) Chrome/90.0.4430.93 Mobile Safari/537.36', 'viewquestion', 2),
(7815, '2021-05-11 13:28:37', '::1', 'Mozilla/5.0 (Linux; Android 6.0; Nexus 5 Build/MRA58N) AppleWebKit/537.36 (KHTML, like Gecko) Chrome/90.0.4430.93 Mobile Safari/537.36', 'viewuser', 2),
(7816, '2021-05-11 13:28:40', '::1', 'Mozilla/5.0 (Linux; Android 6.0; Nexus 5 Build/MRA58N) AppleWebKit/537.36 (KHTML, like Gecko) Chrome/90.0.4430.93 Mobile Safari/537.36', 'viewquestion', 2),
(7817, '2021-05-11 13:28:41', '::1', 'Mozilla/5.0 (Linux; Android 6.0; Nexus 5 Build/MRA58N) AppleWebKit/537.36 (KHTML, like Gecko) Chrome/90.0.4430.93 Mobile Safari/537.36', 'viewquestion', 2),
(7818, '2021-05-11 13:28:41', '::1', 'Mozilla/5.0 (Linux; Android 6.0; Nexus 5 Build/MRA58N) AppleWebKit/537.36 (KHTML, like Gecko) Chrome/90.0.4430.93 Mobile Safari/537.36', 'viewquestion', 2),
(7819, '2021-05-12 10:33:03', '::1', 'Mozilla/5.0 (Windows NT 10.0; Win64; x64) AppleWebKit/537.36 (KHTML, like Gecko) Chrome/90.0.4430.93 Safari/537.36', 'loginsuccess', 2),
(7820, '2021-05-12 10:33:03', '::1', 'Mozilla/5.0 (Windows NT 10.0; Win64; x64) AppleWebKit/537.36 (KHTML, like Gecko) Chrome/90.0.4430.93 Safari/537.36', 'viewquestion', 2),
(7821, '2021-05-12 10:33:17', '::1', 'Mozilla/5.0 (Linux; Android 6.0; Nexus 5 Build/MRA58N) AppleWebKit/537.36 (KHTML, like Gecko) Chrome/90.0.4430.93 Mobile Safari/537.36', 'viewquestion', 2),
(7822, '2021-05-12 10:33:39', '::1', 'Mozilla/5.0 (Linux; Android 6.0; Nexus 5 Build/MRA58N) AppleWebKit/537.36 (KHTML, like Gecko) Chrome/90.0.4430.93 Mobile Safari/537.36', 'viewquestion', 2),
(7823, '2021-05-12 10:34:34', '::1', 'Mozilla/5.0 (Linux; Android 6.0; Nexus 5 Build/MRA58N) AppleWebKit/537.36 (KHTML, like Gecko) Chrome/90.0.4430.93 Mobile Safari/537.36', 'viewquestion', 2),
(7824, '2021-05-12 10:36:31', '::1', 'Mozilla/5.0 (Linux; Android 6.0; Nexus 5 Build/MRA58N) AppleWebKit/537.36 (KHTML, like Gecko) Chrome/90.0.4430.93 Mobile Safari/537.36', 'viewquestion', 2),
(7825, '2021-05-12 10:36:32', '::1', 'Mozilla/5.0 (Linux; Android 6.0; Nexus 5 Build/MRA58N) AppleWebKit/537.36 (KHTML, like Gecko) Chrome/90.0.4430.93 Mobile Safari/537.36', 'viewquestion', 2),
(7826, '2021-05-12 10:36:33', '::1', 'Mozilla/5.0 (Linux; Android 6.0; Nexus 5 Build/MRA58N) AppleWebKit/537.36 (KHTML, like Gecko) Chrome/90.0.4430.93 Mobile Safari/537.36', 'viewquestion', 2),
(7827, '2021-05-12 10:36:37', '::1', 'Mozilla/5.0 (Linux; Android 6.0; Nexus 5 Build/MRA58N) AppleWebKit/537.36 (KHTML, like Gecko) Chrome/90.0.4430.93 Mobile Safari/537.36', 'viewquestion', 2),
(7828, '2021-05-12 10:37:43', '::1', 'Mozilla/5.0 (Linux; Android 6.0; Nexus 5 Build/MRA58N) AppleWebKit/537.36 (KHTML, like Gecko) Chrome/90.0.4430.93 Mobile Safari/537.36', 'viewquestion', 2),
(7829, '2021-05-12 10:37:52', '::1', 'Mozilla/5.0 (Linux; Android 6.0; Nexus 5 Build/MRA58N) AppleWebKit/537.36 (KHTML, like Gecko) Chrome/90.0.4430.93 Mobile Safari/537.36', 'viewquestion', 2),
(7830, '2021-05-12 10:37:53', '::1', 'Mozilla/5.0 (Linux; Android 6.0; Nexus 5 Build/MRA58N) AppleWebKit/537.36 (KHTML, like Gecko) Chrome/90.0.4430.93 Mobile Safari/537.36', 'viewquestion', 2),
(7831, '2021-05-12 10:38:40', '::1', 'Mozilla/5.0 (Linux; Android 6.0; Nexus 5 Build/MRA58N) AppleWebKit/537.36 (KHTML, like Gecko) Chrome/90.0.4430.93 Mobile Safari/537.36', 'viewquestion', 2),
(7832, '2021-05-12 10:38:43', '::1', 'Mozilla/5.0 (Linux; Android 6.0; Nexus 5 Build/MRA58N) AppleWebKit/537.36 (KHTML, like Gecko) Chrome/90.0.4430.93 Mobile Safari/537.36', 'viewquestion', 2),
(7833, '2021-05-12 10:39:56', '::1', 'Mozilla/5.0 (Linux; Android 6.0; Nexus 5 Build/MRA58N) AppleWebKit/537.36 (KHTML, like Gecko) Chrome/90.0.4430.93 Mobile Safari/537.36', 'viewquestion', 2),
(7834, '2021-05-12 10:39:57', '::1', 'Mozilla/5.0 (Linux; Android 6.0; Nexus 5 Build/MRA58N) AppleWebKit/537.36 (KHTML, like Gecko) Chrome/90.0.4430.93 Mobile Safari/537.36', 'viewquestion', 2),
(7835, '2021-05-12 10:40:02', '::1', 'Mozilla/5.0 (Linux; Android 6.0; Nexus 5 Build/MRA58N) AppleWebKit/537.36 (KHTML, like Gecko) Chrome/90.0.4430.93 Mobile Safari/537.36', 'viewquestion', 2),
(7836, '2021-05-12 10:40:02', '::1', 'Mozilla/5.0 (Linux; Android 6.0; Nexus 5 Build/MRA58N) AppleWebKit/537.36 (KHTML, like Gecko) Chrome/90.0.4430.93 Mobile Safari/537.36', 'viewquestion', 2),
(7837, '2021-05-12 10:40:03', '::1', 'Mozilla/5.0 (Linux; Android 6.0; Nexus 5 Build/MRA58N) AppleWebKit/537.36 (KHTML, like Gecko) Chrome/90.0.4430.93 Mobile Safari/537.36', 'viewquestion', 2),
(7838, '2021-05-12 10:40:17', '::1', 'Mozilla/5.0 (Linux; Android 6.0; Nexus 5 Build/MRA58N) AppleWebKit/537.36 (KHTML, like Gecko) Chrome/90.0.4430.93 Mobile Safari/537.36', 'viewquestion', 2),
(7839, '2021-05-12 10:46:43', '::1', 'Mozilla/5.0 (Linux; Android 6.0; Nexus 5 Build/MRA58N) AppleWebKit/537.36 (KHTML, like Gecko) Chrome/90.0.4430.93 Mobile Safari/537.36', 'viewquestion', 2),
(7840, '2021-05-12 10:46:44', '::1', 'Mozilla/5.0 (Linux; Android 6.0; Nexus 5 Build/MRA58N) AppleWebKit/537.36 (KHTML, like Gecko) Chrome/90.0.4430.93 Mobile Safari/537.36', 'viewquestion', 2),
(7841, '2021-05-12 10:46:45', '::1', 'Mozilla/5.0 (Linux; Android 6.0; Nexus 5 Build/MRA58N) AppleWebKit/537.36 (KHTML, like Gecko) Chrome/90.0.4430.93 Mobile Safari/537.36', 'viewquestion', 2),
(7842, '2021-05-12 10:46:45', '::1', 'Mozilla/5.0 (Linux; Android 6.0; Nexus 5 Build/MRA58N) AppleWebKit/537.36 (KHTML, like Gecko) Chrome/90.0.4430.93 Mobile Safari/537.36', 'viewquestion', 2),
(7843, '2021-05-12 10:46:46', '::1', 'Mozilla/5.0 (Linux; Android 6.0; Nexus 5 Build/MRA58N) AppleWebKit/537.36 (KHTML, like Gecko) Chrome/90.0.4430.93 Mobile Safari/537.36', 'viewquestion', 2),
(7844, '2021-05-12 10:46:57', '::1', 'Mozilla/5.0 (Linux; Android 6.0; Nexus 5 Build/MRA58N) AppleWebKit/537.36 (KHTML, like Gecko) Chrome/90.0.4430.93 Mobile Safari/537.36', 'viewquestion', 2),
(7845, '2021-05-12 10:47:02', '::1', 'Mozilla/5.0 (Linux; Android 6.0; Nexus 5 Build/MRA58N) AppleWebKit/537.36 (KHTML, like Gecko) Chrome/90.0.4430.93 Mobile Safari/537.36', 'viewquestion', 2),
(7846, '2021-05-12 10:47:08', '::1', 'Mozilla/5.0 (Linux; Android 6.0; Nexus 5 Build/MRA58N) AppleWebKit/537.36 (KHTML, like Gecko) Chrome/90.0.4430.93 Mobile Safari/537.36', 'viewquestion', 2),
(7847, '2021-05-12 10:49:34', '::1', 'Mozilla/5.0 (Windows NT 10.0; Win64; x64) AppleWebKit/537.36 (KHTML, like Gecko) Chrome/90.0.4430.93 Safari/537.36', 'viewquestion', 2),
(7848, '2021-05-12 10:49:41', '::1', 'Mozilla/5.0 (Linux; Android 6.0; Nexus 5 Build/MRA58N) AppleWebKit/537.36 (KHTML, like Gecko) Chrome/90.0.4430.93 Mobile Safari/537.36', 'viewquestion', 2),
(7849, '2021-05-12 10:49:52', '::1', 'Mozilla/5.0 (Linux; Android 6.0; Nexus 5 Build/MRA58N) AppleWebKit/537.36 (KHTML, like Gecko) Chrome/90.0.4430.93 Mobile Safari/537.36', 'viewquestion', 2),
(7850, '2021-05-12 10:51:27', '::1', 'Mozilla/5.0 (Linux; Android 6.0; Nexus 5 Build/MRA58N) AppleWebKit/537.36 (KHTML, like Gecko) Chrome/90.0.4430.93 Mobile Safari/537.36', 'viewquestion', 2),
(7851, '2021-05-12 10:51:42', '::1', 'Mozilla/5.0 (Linux; Android 6.0; Nexus 5 Build/MRA58N) AppleWebKit/537.36 (KHTML, like Gecko) Chrome/90.0.4430.93 Mobile Safari/537.36', 'viewquestion', 2),
(7852, '2021-05-12 10:51:47', '::1', 'Mozilla/5.0 (Linux; Android 6.0; Nexus 5 Build/MRA58N) AppleWebKit/537.36 (KHTML, like Gecko) Chrome/90.0.4430.93 Mobile Safari/537.36', 'viewquestion', 2),
(7853, '2021-05-12 10:52:06', '::1', 'Mozilla/5.0 (Linux; Android 6.0; Nexus 5 Build/MRA58N) AppleWebKit/537.36 (KHTML, like Gecko) Chrome/90.0.4430.93 Mobile Safari/537.36', 'viewquestion', 2),
(7854, '2021-05-12 10:52:07', '::1', 'Mozilla/5.0 (Linux; Android 6.0; Nexus 5 Build/MRA58N) AppleWebKit/537.36 (KHTML, like Gecko) Chrome/90.0.4430.93 Mobile Safari/537.36', 'viewquestion', 2),
(7855, '2021-05-12 10:52:10', '::1', 'Mozilla/5.0 (Linux; Android 6.0; Nexus 5 Build/MRA58N) AppleWebKit/537.36 (KHTML, like Gecko) Chrome/90.0.4430.93 Mobile Safari/537.36', 'viewquestion', 2),
(7856, '2021-05-12 10:52:52', '::1', 'Mozilla/5.0 (Linux; Android 6.0; Nexus 5 Build/MRA58N) AppleWebKit/537.36 (KHTML, like Gecko) Chrome/90.0.4430.93 Mobile Safari/537.36', 'viewquestion', 2),
(7857, '2021-05-12 10:52:53', '::1', 'Mozilla/5.0 (Linux; Android 6.0; Nexus 5 Build/MRA58N) AppleWebKit/537.36 (KHTML, like Gecko) Chrome/90.0.4430.93 Mobile Safari/537.36', 'viewquestion', 2),
(7858, '2021-05-12 10:52:53', '::1', 'Mozilla/5.0 (Linux; Android 6.0; Nexus 5 Build/MRA58N) AppleWebKit/537.36 (KHTML, like Gecko) Chrome/90.0.4430.93 Mobile Safari/537.36', 'viewquestion', 2),
(7859, '2021-05-12 10:52:54', '::1', 'Mozilla/5.0 (Linux; Android 6.0; Nexus 5 Build/MRA58N) AppleWebKit/537.36 (KHTML, like Gecko) Chrome/90.0.4430.93 Mobile Safari/537.36', 'viewquestion', 2),
(7860, '2021-05-12 10:53:08', '::1', 'Mozilla/5.0 (Linux; Android 6.0; Nexus 5 Build/MRA58N) AppleWebKit/537.36 (KHTML, like Gecko) Chrome/90.0.4430.93 Mobile Safari/537.36', 'viewquestion', 2),
(7861, '2021-05-12 10:53:13', '::1', 'Mozilla/5.0 (Linux; Android 6.0; Nexus 5 Build/MRA58N) AppleWebKit/537.36 (KHTML, like Gecko) Chrome/90.0.4430.93 Mobile Safari/537.36', 'viewquestion', 2),
(7862, '2021-05-12 10:53:21', '::1', 'Mozilla/5.0 (Linux; Android 6.0; Nexus 5 Build/MRA58N) AppleWebKit/537.36 (KHTML, like Gecko) Chrome/90.0.4430.93 Mobile Safari/537.36', 'viewquestion', 2),
(7863, '2021-05-12 10:55:58', '::1', 'Mozilla/5.0 (Linux; Android 6.0; Nexus 5 Build/MRA58N) AppleWebKit/537.36 (KHTML, like Gecko) Chrome/90.0.4430.93 Mobile Safari/537.36', 'viewquestion', 2),
(7864, '2021-05-12 10:56:18', '::1', 'Mozilla/5.0 (Linux; Android 6.0; Nexus 5 Build/MRA58N) AppleWebKit/537.36 (KHTML, like Gecko) Chrome/90.0.4430.93 Mobile Safari/537.36', 'viewquestion', 2),
(7865, '2021-05-12 10:56:19', '::1', 'Mozilla/5.0 (Linux; Android 6.0; Nexus 5 Build/MRA58N) AppleWebKit/537.36 (KHTML, like Gecko) Chrome/90.0.4430.93 Mobile Safari/537.36', 'viewquestion', 2),
(7866, '2021-05-12 10:56:29', '::1', 'Mozilla/5.0 (Linux; Android 6.0; Nexus 5 Build/MRA58N) AppleWebKit/537.36 (KHTML, like Gecko) Chrome/90.0.4430.93 Mobile Safari/537.36', 'viewquestion', 2),
(7867, '2021-05-12 10:56:34', '::1', 'Mozilla/5.0 (Linux; Android 6.0; Nexus 5 Build/MRA58N) AppleWebKit/537.36 (KHTML, like Gecko) Chrome/90.0.4430.93 Mobile Safari/537.36', 'viewquestion', 2),
(7868, '2021-05-12 10:59:24', '::1', 'Mozilla/5.0 (Linux; Android 6.0; Nexus 5 Build/MRA58N) AppleWebKit/537.36 (KHTML, like Gecko) Chrome/90.0.4430.93 Mobile Safari/537.36', 'viewquestion', 2),
(7869, '2021-05-12 10:59:26', '::1', 'Mozilla/5.0 (Linux; Android 6.0; Nexus 5 Build/MRA58N) AppleWebKit/537.36 (KHTML, like Gecko) Chrome/90.0.4430.93 Mobile Safari/537.36', 'viewquestion', 2),
(7870, '2021-05-12 10:59:51', '::1', 'Mozilla/5.0 (Linux; Android 6.0; Nexus 5 Build/MRA58N) AppleWebKit/537.36 (KHTML, like Gecko) Chrome/90.0.4430.93 Mobile Safari/537.36', 'viewquestion', 2),
(7871, '2021-05-12 10:59:53', '::1', 'Mozilla/5.0 (Linux; Android 6.0; Nexus 5 Build/MRA58N) AppleWebKit/537.36 (KHTML, like Gecko) Chrome/90.0.4430.93 Mobile Safari/537.36', 'viewquestion', 2),
(7872, '2021-05-12 10:59:58', '::1', 'Mozilla/5.0 (Linux; Android 6.0; Nexus 5 Build/MRA58N) AppleWebKit/537.36 (KHTML, like Gecko) Chrome/90.0.4430.93 Mobile Safari/537.36', 'viewquestion', 2),
(7873, '2021-05-12 11:02:06', '::1', 'Mozilla/5.0 (Linux; Android 6.0; Nexus 5 Build/MRA58N) AppleWebKit/537.36 (KHTML, like Gecko) Chrome/90.0.4430.93 Mobile Safari/537.36', 'viewquestion', 2),
(7874, '2021-05-12 11:03:43', '::1', 'Mozilla/5.0 (Linux; Android 6.0; Nexus 5 Build/MRA58N) AppleWebKit/537.36 (KHTML, like Gecko) Chrome/90.0.4430.93 Mobile Safari/537.36', 'viewquestion', 2),
(7875, '2021-05-12 11:04:06', '::1', 'Mozilla/5.0 (Linux; Android 6.0; Nexus 5 Build/MRA58N) AppleWebKit/537.36 (KHTML, like Gecko) Chrome/90.0.4430.93 Mobile Safari/537.36', 'viewquestion', 2),
(7876, '2021-05-12 11:04:14', '::1', 'Mozilla/5.0 (Linux; Android 6.0; Nexus 5 Build/MRA58N) AppleWebKit/537.36 (KHTML, like Gecko) Chrome/90.0.4430.93 Mobile Safari/537.36', 'viewquestion', 2),
(7877, '2021-05-12 11:04:15', '::1', 'Mozilla/5.0 (Linux; Android 6.0; Nexus 5 Build/MRA58N) AppleWebKit/537.36 (KHTML, like Gecko) Chrome/90.0.4430.93 Mobile Safari/537.36', 'viewquestion', 2),
(7878, '2021-05-12 11:04:23', '::1', 'Mozilla/5.0 (Linux; Android 6.0; Nexus 5 Build/MRA58N) AppleWebKit/537.36 (KHTML, like Gecko) Chrome/90.0.4430.93 Mobile Safari/537.36', 'viewquestion', 2),
(7879, '2021-05-12 11:06:31', '::1', 'Mozilla/5.0 (Linux; Android 6.0; Nexus 5 Build/MRA58N) AppleWebKit/537.36 (KHTML, like Gecko) Chrome/90.0.4430.93 Mobile Safari/537.36', 'viewquestion', 2),
(7880, '2021-05-12 11:06:32', '::1', 'Mozilla/5.0 (Linux; Android 6.0; Nexus 5 Build/MRA58N) AppleWebKit/537.36 (KHTML, like Gecko) Chrome/90.0.4430.93 Mobile Safari/537.36', 'viewquestion', 2),
(7881, '2021-05-12 11:06:36', '::1', 'Mozilla/5.0 (Linux; Android 6.0; Nexus 5 Build/MRA58N) AppleWebKit/537.36 (KHTML, like Gecko) Chrome/90.0.4430.93 Mobile Safari/537.36', 'viewquestion', 2),
(7882, '2021-05-12 11:06:43', '::1', 'Mozilla/5.0 (Linux; Android 6.0; Nexus 5 Build/MRA58N) AppleWebKit/537.36 (KHTML, like Gecko) Chrome/90.0.4430.93 Mobile Safari/537.36', 'viewquestion', 2),
(7883, '2021-05-12 11:07:05', '::1', 'Mozilla/5.0 (Linux; Android 6.0; Nexus 5 Build/MRA58N) AppleWebKit/537.36 (KHTML, like Gecko) Chrome/90.0.4430.93 Mobile Safari/537.36', 'viewquestion', 2),
(7884, '2021-05-12 11:07:19', '::1', 'Mozilla/5.0 (Linux; Android 6.0; Nexus 5 Build/MRA58N) AppleWebKit/537.36 (KHTML, like Gecko) Chrome/90.0.4430.93 Mobile Safari/537.36', 'viewquestion', 2),
(7885, '2021-05-12 11:07:27', '::1', 'Mozilla/5.0 (Linux; Android 6.0; Nexus 5 Build/MRA58N) AppleWebKit/537.36 (KHTML, like Gecko) Chrome/90.0.4430.93 Mobile Safari/537.36', 'viewquestion', 2),
(7886, '2021-05-12 11:07:37', '::1', 'Mozilla/5.0 (Linux; Android 6.0; Nexus 5 Build/MRA58N) AppleWebKit/537.36 (KHTML, like Gecko) Chrome/90.0.4430.93 Mobile Safari/537.36', 'viewquestion', 2),
(7887, '2021-05-12 11:07:38', '::1', 'Mozilla/5.0 (Linux; Android 6.0; Nexus 5 Build/MRA58N) AppleWebKit/537.36 (KHTML, like Gecko) Chrome/90.0.4430.93 Mobile Safari/537.36', 'viewquestion', 2),
(7888, '2021-05-12 11:07:47', '::1', 'Mozilla/5.0 (Linux; Android 6.0; Nexus 5 Build/MRA58N) AppleWebKit/537.36 (KHTML, like Gecko) Chrome/90.0.4430.93 Mobile Safari/537.36', 'viewquestion', 2),
(7889, '2021-05-12 11:07:53', '::1', 'Mozilla/5.0 (Linux; Android 6.0; Nexus 5 Build/MRA58N) AppleWebKit/537.36 (KHTML, like Gecko) Chrome/90.0.4430.93 Mobile Safari/537.36', 'viewquestion', 2),
(7890, '2021-05-12 11:08:50', '::1', 'Mozilla/5.0 (Linux; Android 6.0; Nexus 5 Build/MRA58N) AppleWebKit/537.36 (KHTML, like Gecko) Chrome/90.0.4430.93 Mobile Safari/537.36', 'viewquestion', 2),
(7891, '2021-05-12 11:08:52', '::1', 'Mozilla/5.0 (Linux; Android 6.0; Nexus 5 Build/MRA58N) AppleWebKit/537.36 (KHTML, like Gecko) Chrome/90.0.4430.93 Mobile Safari/537.36', 'viewquestion', 2),
(7892, '2021-05-12 11:08:53', '::1', 'Mozilla/5.0 (Linux; Android 6.0; Nexus 5 Build/MRA58N) AppleWebKit/537.36 (KHTML, like Gecko) Chrome/90.0.4430.93 Mobile Safari/537.36', 'viewquestion', 2),
(7893, '2021-05-12 11:09:16', '::1', 'Mozilla/5.0 (Linux; Android 6.0; Nexus 5 Build/MRA58N) AppleWebKit/537.36 (KHTML, like Gecko) Chrome/90.0.4430.93 Mobile Safari/537.36', 'viewquestion', 2),
(7894, '2021-05-12 11:10:08', '::1', 'Mozilla/5.0 (Linux; Android 6.0; Nexus 5 Build/MRA58N) AppleWebKit/537.36 (KHTML, like Gecko) Chrome/90.0.4430.93 Mobile Safari/537.36', 'viewquestion', 2),
(7895, '2021-05-12 11:10:14', '::1', 'Mozilla/5.0 (Linux; Android 6.0; Nexus 5 Build/MRA58N) AppleWebKit/537.36 (KHTML, like Gecko) Chrome/90.0.4430.93 Mobile Safari/537.36', 'viewquestion', 2),
(7896, '2021-05-12 11:10:16', '::1', 'Mozilla/5.0 (Linux; Android 6.0; Nexus 5 Build/MRA58N) AppleWebKit/537.36 (KHTML, like Gecko) Chrome/90.0.4430.93 Mobile Safari/537.36', 'viewquestion', 2),
(7897, '2021-05-12 11:11:29', '::1', 'Mozilla/5.0 (Linux; Android 6.0; Nexus 5 Build/MRA58N) AppleWebKit/537.36 (KHTML, like Gecko) Chrome/90.0.4430.93 Mobile Safari/537.36', 'viewquestion', 2),
(7898, '2021-05-12 11:11:30', '::1', 'Mozilla/5.0 (Linux; Android 6.0; Nexus 5 Build/MRA58N) AppleWebKit/537.36 (KHTML, like Gecko) Chrome/90.0.4430.93 Mobile Safari/537.36', 'viewquestion', 2),
(7899, '2021-05-12 11:11:30', '::1', 'Mozilla/5.0 (Linux; Android 6.0; Nexus 5 Build/MRA58N) AppleWebKit/537.36 (KHTML, like Gecko) Chrome/90.0.4430.93 Mobile Safari/537.36', 'viewquestion', 2),
(7900, '2021-05-12 11:16:41', '::1', 'Mozilla/5.0 (Linux; Android 6.0; Nexus 5 Build/MRA58N) AppleWebKit/537.36 (KHTML, like Gecko) Chrome/90.0.4430.93 Mobile Safari/537.36', 'viewquestion', 2),
(7901, '2021-05-12 11:16:42', '::1', 'Mozilla/5.0 (Linux; Android 6.0; Nexus 5 Build/MRA58N) AppleWebKit/537.36 (KHTML, like Gecko) Chrome/90.0.4430.93 Mobile Safari/537.36', 'viewquestion', 2),
(7902, '2021-05-12 11:16:50', '::1', 'Mozilla/5.0 (Linux; Android 6.0; Nexus 5 Build/MRA58N) AppleWebKit/537.36 (KHTML, like Gecko) Chrome/90.0.4430.93 Mobile Safari/537.36', 'viewquestion', 2),
(7903, '2021-05-12 11:16:55', '::1', 'Mozilla/5.0 (Linux; Android 6.0; Nexus 5 Build/MRA58N) AppleWebKit/537.36 (KHTML, like Gecko) Chrome/90.0.4430.93 Mobile Safari/537.36', 'viewquestion', 2),
(7904, '2021-05-12 11:16:56', '::1', 'Mozilla/5.0 (Linux; Android 6.0; Nexus 5 Build/MRA58N) AppleWebKit/537.36 (KHTML, like Gecko) Chrome/90.0.4430.93 Mobile Safari/537.36', 'viewquestion', 2),
(7905, '2021-05-12 11:16:58', '::1', 'Mozilla/5.0 (Linux; Android 6.0; Nexus 5 Build/MRA58N) AppleWebKit/537.36 (KHTML, like Gecko) Chrome/90.0.4430.93 Mobile Safari/537.36', 'viewquestion', 2),
(7906, '2021-05-12 11:16:59', '::1', 'Mozilla/5.0 (Linux; Android 6.0; Nexus 5 Build/MRA58N) AppleWebKit/537.36 (KHTML, like Gecko) Chrome/90.0.4430.93 Mobile Safari/537.36', 'viewquestion', 2),
(7907, '2021-05-12 11:21:34', '::1', 'Mozilla/5.0 (Linux; Android 6.0; Nexus 5 Build/MRA58N) AppleWebKit/537.36 (KHTML, like Gecko) Chrome/90.0.4430.93 Mobile Safari/537.36', 'viewquestion', 2),
(7908, '2021-05-12 11:21:35', '::1', 'Mozilla/5.0 (Linux; Android 6.0; Nexus 5 Build/MRA58N) AppleWebKit/537.36 (KHTML, like Gecko) Chrome/90.0.4430.93 Mobile Safari/537.36', 'viewquestion', 2),
(7909, '2021-05-12 11:21:35', '::1', 'Mozilla/5.0 (Linux; Android 6.0; Nexus 5 Build/MRA58N) AppleWebKit/537.36 (KHTML, like Gecko) Chrome/90.0.4430.93 Mobile Safari/537.36', 'viewquestion', 2),
(7910, '2021-05-12 11:21:39', '::1', 'Mozilla/5.0 (Linux; Android 6.0; Nexus 5 Build/MRA58N) AppleWebKit/537.36 (KHTML, like Gecko) Chrome/90.0.4430.93 Mobile Safari/537.36', 'viewquestion', 2),
(7911, '2021-05-12 11:22:37', '::1', 'Mozilla/5.0 (Linux; Android 6.0; Nexus 5 Build/MRA58N) AppleWebKit/537.36 (KHTML, like Gecko) Chrome/90.0.4430.93 Mobile Safari/537.36', 'viewquestion', 2),
(7912, '2021-05-12 11:22:38', '::1', 'Mozilla/5.0 (Linux; Android 6.0; Nexus 5 Build/MRA58N) AppleWebKit/537.36 (KHTML, like Gecko) Chrome/90.0.4430.93 Mobile Safari/537.36', 'viewquestion', 2),
(7913, '2021-05-12 11:22:41', '::1', 'Mozilla/5.0 (Linux; Android 6.0; Nexus 5 Build/MRA58N) AppleWebKit/537.36 (KHTML, like Gecko) Chrome/90.0.4430.93 Mobile Safari/537.36', 'viewquestion', 2),
(7914, '2021-05-12 11:22:45', '::1', 'Mozilla/5.0 (Linux; Android 6.0; Nexus 5 Build/MRA58N) AppleWebKit/537.36 (KHTML, like Gecko) Chrome/90.0.4430.93 Mobile Safari/537.36', 'viewquestion', 2),
(7915, '2021-05-12 11:23:14', '::1', 'Mozilla/5.0 (Linux; Android 6.0; Nexus 5 Build/MRA58N) AppleWebKit/537.36 (KHTML, like Gecko) Chrome/90.0.4430.93 Mobile Safari/537.36', 'viewquestion', 2),
(7916, '2021-05-12 11:23:26', '::1', 'Mozilla/5.0 (Linux; Android 6.0; Nexus 5 Build/MRA58N) AppleWebKit/537.36 (KHTML, like Gecko) Chrome/90.0.4430.93 Mobile Safari/537.36', 'viewquestion', 2),
(7917, '2021-05-12 11:23:29', '::1', 'Mozilla/5.0 (Linux; Android 6.0; Nexus 5 Build/MRA58N) AppleWebKit/537.36 (KHTML, like Gecko) Chrome/90.0.4430.93 Mobile Safari/537.36', 'viewquestion', 2),
(7918, '2021-05-12 11:23:37', '::1', 'Mozilla/5.0 (Linux; Android 6.0; Nexus 5 Build/MRA58N) AppleWebKit/537.36 (KHTML, like Gecko) Chrome/90.0.4430.93 Mobile Safari/537.36', 'viewquestion', 2),
(7919, '2021-05-12 11:24:03', '::1', 'Mozilla/5.0 (Linux; Android 6.0; Nexus 5 Build/MRA58N) AppleWebKit/537.36 (KHTML, like Gecko) Chrome/90.0.4430.93 Mobile Safari/537.36', 'viewquestion', 2),
(7920, '2021-05-12 11:24:04', '::1', 'Mozilla/5.0 (Linux; Android 6.0; Nexus 5 Build/MRA58N) AppleWebKit/537.36 (KHTML, like Gecko) Chrome/90.0.4430.93 Mobile Safari/537.36', 'viewquestion', 2),
(7921, '2021-05-12 11:24:08', '::1', 'Mozilla/5.0 (Linux; Android 6.0; Nexus 5 Build/MRA58N) AppleWebKit/537.36 (KHTML, like Gecko) Chrome/90.0.4430.93 Mobile Safari/537.36', 'viewquestion', 2),
(7922, '2021-05-12 11:24:09', '::1', 'Mozilla/5.0 (Linux; Android 6.0; Nexus 5 Build/MRA58N) AppleWebKit/537.36 (KHTML, like Gecko) Chrome/90.0.4430.93 Mobile Safari/537.36', 'viewquestion', 2),
(7923, '2021-05-12 11:24:17', '::1', 'Mozilla/5.0 (Linux; Android 6.0; Nexus 5 Build/MRA58N) AppleWebKit/537.36 (KHTML, like Gecko) Chrome/90.0.4430.93 Mobile Safari/537.36', 'viewquestion', 2),
(7924, '2021-05-12 11:24:18', '::1', 'Mozilla/5.0 (Linux; Android 6.0; Nexus 5 Build/MRA58N) AppleWebKit/537.36 (KHTML, like Gecko) Chrome/90.0.4430.93 Mobile Safari/537.36', 'viewquestion', 2),
(7925, '2021-05-12 11:24:18', '::1', 'Mozilla/5.0 (Linux; Android 6.0; Nexus 5 Build/MRA58N) AppleWebKit/537.36 (KHTML, like Gecko) Chrome/90.0.4430.93 Mobile Safari/537.36', 'viewquestion', 2),
(7926, '2021-05-12 11:24:19', '::1', 'Mozilla/5.0 (Linux; Android 6.0; Nexus 5 Build/MRA58N) AppleWebKit/537.36 (KHTML, like Gecko) Chrome/90.0.4430.93 Mobile Safari/537.36', 'viewquestion', 2),
(7927, '2021-05-12 11:24:19', '::1', 'Mozilla/5.0 (Linux; Android 6.0; Nexus 5 Build/MRA58N) AppleWebKit/537.36 (KHTML, like Gecko) Chrome/90.0.4430.93 Mobile Safari/537.36', 'viewquestion', 2),
(7928, '2021-05-12 11:24:19', '::1', 'Mozilla/5.0 (Linux; Android 6.0; Nexus 5 Build/MRA58N) AppleWebKit/537.36 (KHTML, like Gecko) Chrome/90.0.4430.93 Mobile Safari/537.36', 'viewquestion', 2),
(7929, '2021-05-12 11:24:49', '::1', 'Mozilla/5.0 (Linux; Android 6.0; Nexus 5 Build/MRA58N) AppleWebKit/537.36 (KHTML, like Gecko) Chrome/90.0.4430.93 Mobile Safari/537.36', 'viewquestion', 2),
(7930, '2021-05-12 11:24:49', '::1', 'Mozilla/5.0 (Linux; Android 6.0; Nexus 5 Build/MRA58N) AppleWebKit/537.36 (KHTML, like Gecko) Chrome/90.0.4430.93 Mobile Safari/537.36', 'viewquestion', 2),
(7931, '2021-05-12 11:24:50', '::1', 'Mozilla/5.0 (Linux; Android 6.0; Nexus 5 Build/MRA58N) AppleWebKit/537.36 (KHTML, like Gecko) Chrome/90.0.4430.93 Mobile Safari/537.36', 'viewquestion', 2),
(7932, '2021-05-12 11:24:51', '::1', 'Mozilla/5.0 (Linux; Android 6.0; Nexus 5 Build/MRA58N) AppleWebKit/537.36 (KHTML, like Gecko) Chrome/90.0.4430.93 Mobile Safari/537.36', 'viewquestion', 2),
(7933, '2021-05-12 11:25:32', '::1', 'Mozilla/5.0 (Linux; Android 6.0; Nexus 5 Build/MRA58N) AppleWebKit/537.36 (KHTML, like Gecko) Chrome/90.0.4430.93 Mobile Safari/537.36', 'viewquestion', 2),
(7934, '2021-05-12 11:27:00', '::1', 'Mozilla/5.0 (Linux; Android 6.0; Nexus 5 Build/MRA58N) AppleWebKit/537.36 (KHTML, like Gecko) Chrome/90.0.4430.93 Mobile Safari/537.36', 'viewquestion', 2),
(7935, '2021-05-12 11:27:00', '::1', 'Mozilla/5.0 (Linux; Android 6.0; Nexus 5 Build/MRA58N) AppleWebKit/537.36 (KHTML, like Gecko) Chrome/90.0.4430.93 Mobile Safari/537.36', 'viewquestion', 2),
(7936, '2021-05-12 11:27:04', '::1', 'Mozilla/5.0 (Linux; Android 6.0; Nexus 5 Build/MRA58N) AppleWebKit/537.36 (KHTML, like Gecko) Chrome/90.0.4430.93 Mobile Safari/537.36', 'viewquestion', 2),
(7937, '2021-05-12 11:27:10', '::1', 'Mozilla/5.0 (Linux; Android 6.0; Nexus 5 Build/MRA58N) AppleWebKit/537.36 (KHTML, like Gecko) Chrome/90.0.4430.93 Mobile Safari/537.36', 'viewquestion', 2),
(7938, '2021-05-12 11:29:34', '::1', 'Mozilla/5.0 (Linux; Android 6.0; Nexus 5 Build/MRA58N) AppleWebKit/537.36 (KHTML, like Gecko) Chrome/90.0.4430.93 Mobile Safari/537.36', 'viewquestion', 2),
(7939, '2021-05-12 11:29:40', '::1', 'Mozilla/5.0 (Linux; Android 6.0; Nexus 5 Build/MRA58N) AppleWebKit/537.36 (KHTML, like Gecko) Chrome/90.0.4430.93 Mobile Safari/537.36', 'viewquestion', 2),
(7940, '2021-05-12 11:35:44', '::1', 'Mozilla/5.0 (Linux; Android 6.0; Nexus 5 Build/MRA58N) AppleWebKit/537.36 (KHTML, like Gecko) Chrome/90.0.4430.93 Mobile Safari/537.36', 'viewquestion', 2),
(7941, '2021-05-12 11:35:53', '::1', 'Mozilla/5.0 (Linux; Android 6.0; Nexus 5 Build/MRA58N) AppleWebKit/537.36 (KHTML, like Gecko) Chrome/90.0.4430.93 Mobile Safari/537.36', 'viewquestion', 2),
(7942, '2021-05-12 11:36:04', '::1', 'Mozilla/5.0 (Linux; Android 6.0; Nexus 5 Build/MRA58N) AppleWebKit/537.36 (KHTML, like Gecko) Chrome/90.0.4430.93 Mobile Safari/537.36', 'viewquestion', 2),
(7943, '2021-05-12 11:37:25', '::1', 'Mozilla/5.0 (Linux; Android 6.0; Nexus 5 Build/MRA58N) AppleWebKit/537.36 (KHTML, like Gecko) Chrome/90.0.4430.93 Mobile Safari/537.36', 'viewquestion', 2),
(7944, '2021-05-12 11:37:30', '::1', 'Mozilla/5.0 (Linux; Android 6.0; Nexus 5 Build/MRA58N) AppleWebKit/537.36 (KHTML, like Gecko) Chrome/90.0.4430.93 Mobile Safari/537.36', 'viewquestion', 2),
(7945, '2021-05-12 11:37:31', '::1', 'Mozilla/5.0 (Linux; Android 6.0; Nexus 5 Build/MRA58N) AppleWebKit/537.36 (KHTML, like Gecko) Chrome/90.0.4430.93 Mobile Safari/537.36', 'viewquestion', 2),
(7946, '2021-05-12 11:37:31', '::1', 'Mozilla/5.0 (Linux; Android 6.0; Nexus 5 Build/MRA58N) AppleWebKit/537.36 (KHTML, like Gecko) Chrome/90.0.4430.93 Mobile Safari/537.36', 'viewquestion', 2),
(7947, '2021-05-12 11:37:32', '::1', 'Mozilla/5.0 (Linux; Android 6.0; Nexus 5 Build/MRA58N) AppleWebKit/537.36 (KHTML, like Gecko) Chrome/90.0.4430.93 Mobile Safari/537.36', 'viewquestion', 2),
(7948, '2021-05-12 11:37:45', '::1', 'Mozilla/5.0 (Linux; Android 6.0; Nexus 5 Build/MRA58N) AppleWebKit/537.36 (KHTML, like Gecko) Chrome/90.0.4430.93 Mobile Safari/537.36', 'viewquestion', 2),
(7949, '2021-05-12 11:37:46', '::1', 'Mozilla/5.0 (Linux; Android 6.0; Nexus 5 Build/MRA58N) AppleWebKit/537.36 (KHTML, like Gecko) Chrome/90.0.4430.93 Mobile Safari/537.36', 'viewquestion', 2),
(7950, '2021-05-12 11:44:28', '::1', 'Mozilla/5.0 (Linux; Android 6.0; Nexus 5 Build/MRA58N) AppleWebKit/537.36 (KHTML, like Gecko) Chrome/90.0.4430.93 Mobile Safari/537.36', 'viewquestion', 2),
(7951, '2021-05-14 10:10:31', '::1', 'Mozilla/5.0 (Windows NT 10.0; Win64; x64) AppleWebKit/537.36 (KHTML, like Gecko) Chrome/90.0.4430.212 Safari/537.36', 'loginsuccess', 2),
(7952, '2021-05-14 10:10:31', '::1', 'Mozilla/5.0 (Windows NT 10.0; Win64; x64) AppleWebKit/537.36 (KHTML, like Gecko) Chrome/90.0.4430.212 Safari/537.36', 'viewquestion', 2),
(7953, '2021-05-14 10:11:03', '::1', 'Mozilla/5.0 (Linux; Android 6.0; Nexus 5 Build/MRA58N) AppleWebKit/537.36 (KHTML, like Gecko) Chrome/90.0.4430.212 Mobile Safari/537.36', 'viewquestion', 2),
(7954, '2021-05-14 10:12:00', '::1', 'Mozilla/5.0 (Linux; Android 6.0; Nexus 5 Build/MRA58N) AppleWebKit/537.36 (KHTML, like Gecko) Chrome/90.0.4430.212 Mobile Safari/537.36', 'viewquestion', 2),
(7955, '2021-05-14 10:12:39', '::1', 'Mozilla/5.0 (Windows NT 10.0; Win64; x64) AppleWebKit/537.36 (KHTML, like Gecko) Chrome/90.0.4430.212 Safari/537.36', 'viewgraph', 2),
(7956, '2021-05-14 10:12:39', '::1', 'Mozilla/5.0 (Windows NT 10.0; Win64; x64) AppleWebKit/537.36 (KHTML, like Gecko) Chrome/90.0.4430.212 Safari/537.36', 'viewquestion', 2),
(7957, '2021-05-14 10:16:07', '::1', 'Mozilla/5.0 (Linux; Android 6.0; Nexus 5 Build/MRA58N) AppleWebKit/537.36 (KHTML, like Gecko) Chrome/90.0.4430.212 Mobile Safari/537.36', 'viewquestion', 2),
(7958, '2021-05-14 10:19:03', '::1', 'Mozilla/5.0 (Linux; Android 6.0; Nexus 5 Build/MRA58N) AppleWebKit/537.36 (KHTML, like Gecko) Chrome/90.0.4430.212 Mobile Safari/537.36', 'viewquestion', 2),
(7959, '2021-05-14 10:19:30', '::1', 'Mozilla/5.0 (Linux; Android 6.0; Nexus 5 Build/MRA58N) AppleWebKit/537.36 (KHTML, like Gecko) Chrome/90.0.4430.212 Mobile Safari/537.36', 'createquestion', 2),
(7960, '2021-05-14 10:19:30', '::1', 'Mozilla/5.0 (Linux; Android 6.0; Nexus 5 Build/MRA58N) AppleWebKit/537.36 (KHTML, like Gecko) Chrome/90.0.4430.212 Mobile Safari/537.36', 'viewquestion', 2),
(7961, '2021-05-14 10:19:34', '::1', 'Mozilla/5.0 (Linux; Android 6.0; Nexus 5 Build/MRA58N) AppleWebKit/537.36 (KHTML, like Gecko) Chrome/90.0.4430.212 Mobile Safari/537.36', 'viewquestion', 2),
(7962, '2021-05-14 10:19:35', '::1', 'Mozilla/5.0 (Linux; Android 6.0; Nexus 5 Build/MRA58N) AppleWebKit/537.36 (KHTML, like Gecko) Chrome/90.0.4430.212 Mobile Safari/537.36', 'viewquestion', 2),
(7963, '2021-05-14 10:19:36', '::1', 'Mozilla/5.0 (Linux; Android 6.0; Nexus 5 Build/MRA58N) AppleWebKit/537.36 (KHTML, like Gecko) Chrome/90.0.4430.212 Mobile Safari/537.36', 'viewquestion', 2),
(7964, '2021-05-14 10:19:37', '::1', 'Mozilla/5.0 (Linux; Android 6.0; Nexus 5 Build/MRA58N) AppleWebKit/537.36 (KHTML, like Gecko) Chrome/90.0.4430.212 Mobile Safari/537.36', 'viewquestion', 2),
(7965, '2021-05-14 10:19:58', '::1', 'Mozilla/5.0 (Linux; Android 6.0; Nexus 5 Build/MRA58N) AppleWebKit/537.36 (KHTML, like Gecko) Chrome/90.0.4430.212 Mobile Safari/537.36', 'createquestion', 2),
(7966, '2021-05-14 10:19:58', '::1', 'Mozilla/5.0 (Linux; Android 6.0; Nexus 5 Build/MRA58N) AppleWebKit/537.36 (KHTML, like Gecko) Chrome/90.0.4430.212 Mobile Safari/537.36', 'viewquestion', 2),
(7967, '2021-05-14 10:20:37', '::1', 'Mozilla/5.0 (Linux; Android 6.0; Nexus 5 Build/MRA58N) AppleWebKit/537.36 (KHTML, like Gecko) Chrome/90.0.4430.212 Mobile Safari/537.36', 'viewquestion', 2),
(7968, '2021-05-14 10:20:38', '::1', 'Mozilla/5.0 (Linux; Android 6.0; Nexus 5 Build/MRA58N) AppleWebKit/537.36 (KHTML, like Gecko) Chrome/90.0.4430.212 Mobile Safari/537.36', 'viewquestion', 2),
(7969, '2021-05-14 10:20:46', '::1', 'Mozilla/5.0 (Linux; Android 6.0; Nexus 5 Build/MRA58N) AppleWebKit/537.36 (KHTML, like Gecko) Chrome/90.0.4430.212 Mobile Safari/537.36', 'createquestion', 2),
(7970, '2021-05-14 10:20:46', '::1', 'Mozilla/5.0 (Linux; Android 6.0; Nexus 5 Build/MRA58N) AppleWebKit/537.36 (KHTML, like Gecko) Chrome/90.0.4430.212 Mobile Safari/537.36', 'viewquestion', 2),
(7971, '2021-05-14 10:20:52', '::1', 'Mozilla/5.0 (Linux; Android 6.0; Nexus 5 Build/MRA58N) AppleWebKit/537.36 (KHTML, like Gecko) Chrome/90.0.4430.212 Mobile Safari/537.36', 'viewquestion', 2),
(7972, '2021-05-14 10:22:03', '::1', 'Mozilla/5.0 (Windows NT 10.0; Win64; x64) AppleWebKit/537.36 (KHTML, like Gecko) Chrome/90.0.4430.212 Safari/537.36', 'viewquestion', 2),
(7973, '2021-05-14 10:22:06', '::1', 'Mozilla/5.0 (Windows NT 10.0; Win64; x64) AppleWebKit/537.36 (KHTML, like Gecko) Chrome/90.0.4430.212 Safari/537.36', 'viewquestion', 2),
(7974, '2021-05-14 10:24:33', '::1', 'Mozilla/5.0 (Windows NT 10.0; Win64; x64) AppleWebKit/537.36 (KHTML, like Gecko) Chrome/90.0.4430.212 Safari/537.36', 'viewquestion', 2),
(7975, '2021-05-14 10:24:35', '::1', 'Mozilla/5.0 (Windows NT 10.0; Win64; x64) AppleWebKit/537.36 (KHTML, like Gecko) Chrome/90.0.4430.212 Safari/537.36', 'viewquestion', 2),
(7976, '2021-05-14 10:24:35', '::1', 'Mozilla/5.0 (Windows NT 10.0; Win64; x64) AppleWebKit/537.36 (KHTML, like Gecko) Chrome/90.0.4430.212 Safari/537.36', 'viewquestion', 2),
(7977, '2021-05-14 10:24:36', '::1', 'Mozilla/5.0 (Windows NT 10.0; Win64; x64) AppleWebKit/537.36 (KHTML, like Gecko) Chrome/90.0.4430.212 Safari/537.36', 'viewquestion', 2),
(7978, '2021-05-14 10:26:43', '::1', 'Mozilla/5.0 (Windows NT 10.0; Win64; x64) AppleWebKit/537.36 (KHTML, like Gecko) Chrome/90.0.4430.212 Safari/537.36', 'viewquestion', 2),
(7979, '2021-05-14 10:26:43', '::1', 'Mozilla/5.0 (Windows NT 10.0; Win64; x64) AppleWebKit/537.36 (KHTML, like Gecko) Chrome/90.0.4430.212 Safari/537.36', 'viewquestion', 2),
(7980, '2021-05-14 10:28:32', '::1', 'Mozilla/5.0 (Windows NT 10.0; Win64; x64) AppleWebKit/537.36 (KHTML, like Gecko) Chrome/90.0.4430.212 Safari/537.36', 'viewquestion', 2),
(7981, '2021-05-14 10:29:48', '::1', 'Mozilla/5.0 (Windows NT 10.0; Win64; x64) AppleWebKit/537.36 (KHTML, like Gecko) Chrome/90.0.4430.212 Safari/537.36', 'viewquestion', 2),
(7982, '2021-05-14 10:29:49', '::1', 'Mozilla/5.0 (Windows NT 10.0; Win64; x64) AppleWebKit/537.36 (KHTML, like Gecko) Chrome/90.0.4430.212 Safari/537.36', 'viewquestion', 2);
INSERT INTO `log` (`logid`, `timestamp`, `ip`, `browser`, `activity`, `loginid`) VALUES
(7983, '2021-05-14 10:29:52', '::1', 'Mozilla/5.0 (Windows NT 10.0; Win64; x64) AppleWebKit/537.36 (KHTML, like Gecko) Chrome/90.0.4430.212 Safari/537.36', 'viewgraph', 2),
(7984, '2021-05-14 10:29:52', '::1', 'Mozilla/5.0 (Windows NT 10.0; Win64; x64) AppleWebKit/537.36 (KHTML, like Gecko) Chrome/90.0.4430.212 Safari/537.36', 'viewquestion', 2),
(7985, '2021-05-14 10:30:30', '::1', 'Mozilla/5.0 (Windows NT 10.0; Win64; x64) AppleWebKit/537.36 (KHTML, like Gecko) Chrome/90.0.4430.212 Safari/537.36', 'viewquestion', 2),
(7986, '2021-05-14 10:30:31', '::1', 'Mozilla/5.0 (Windows NT 10.0; Win64; x64) AppleWebKit/537.36 (KHTML, like Gecko) Chrome/90.0.4430.212 Safari/537.36', 'viewquestion', 2);

-- --------------------------------------------------------

--
-- Table structure for table `login`
--

DROP TABLE IF EXISTS `login`;
CREATE TABLE IF NOT EXISTS `login` (
  `loginid` int NOT NULL AUTO_INCREMENT,
  `studentnumber` int NOT NULL,
  `fullname` varchar(50) NOT NULL,
  `password` varchar(255) NOT NULL,
  `status` enum('active','inactive') NOT NULL,
  `role` enum('teacher','student') NOT NULL DEFAULT 'student',
  PRIMARY KEY (`loginid`)
) ENGINE=InnoDB AUTO_INCREMENT=17 DEFAULT CHARSET=latin1;

--
-- Dumping data for table `login`
--

INSERT INTO `login` (`loginid`, `studentnumber`, `fullname`, `password`, `status`, `role`) VALUES
(1, 123456789, 'Teacher Smiths', '$2y$10$SWvyI/EqMlgIo82UomvcuOjb82Y3bOMSIimAAcciZp3ZxXoAlik7i', 'active', 'teacher'),
(2, 987654321, 'Student Barry', '$2y$10$WxrJEFso3zLXK5NQgc5ubexfTkb13xwzFwwXDCu2KhNWjlGeXqSn.', 'active', 'student'),
(6, 123456789, 'Mike James', '$2y$10$S4.9FQSlkWTPExQucKVnT.yl7i0ULXyJl/fHu0OrKUap3BeOQ0qou', 'active', 'student'),
(7, 0, 'Bob', '$2y$10$DHLurQvqIXfLGZbKL/RJjO/mZUwx1ZO/kiSfCfwdeCOWCHTZzGE3O', 'active', 'student'),
(8, 0, 'awdawda', '$2y$10$IK8HBCwTtSRiXWMaQBuPv.g.xaP3/CQRYKV8fi.023dseLmxhigSW', 'active', 'student'),
(9, 0, 'wdawdaw', '$2y$10$UQVzLsYQnWi7zB1L0X2/8eGcCXSALsH4j7NH/lHMci1QeULbZbTB6', 'active', 'student'),
(10, 0, 'awdawdaw', '$2y$10$xJTg2S7UZ5QFs.Nw1BfiPe1m8QSYM/WCrIimzibZ795bU84T8Tcn.', 'active', 'student'),
(11, 12312312, 'awdadawdawd', '$2y$10$iyRGYQs8xWqnaXYYu1s6quICeGJwisi98/LyMhaoDaKruzPcBqFni', 'active', 'student'),
(12, 0, 'wdawdawd', '$2y$10$HHyDjvZv4DcVITTyRsRPx.9wzcw2CLsItZ8tFkKm3RP0FRV9jHDZC', 'active', 'student'),
(13, 0, 'awdawd', '$2y$10$BFqaeWmDlOZPF8.7DPa9ROPaFNptxA22.nJBoGD60QNOiVKxuwYyO', 'active', 'student'),
(14, 0, 'wdawd', '$2y$10$QjgDdaEdMuKHHcx9fPbXKOz7c6iOTyfXVBCYFe2SM4cN.NhGfAf8O', 'active', 'teacher'),
(15, 1, 'a', '$2y$10$wqpsGiYtVccwBtO1KX891eZNAiuuP77oLzuOOu7yxwmMuc4j1Oc7C', 'active', 'student'),
(16, 123456, 'aa', '$2y$10$dqXTEnXuiC5jU1/ElaYjY.6W5igQ6Mr/E8g.WtOPcjRGMYbNmUITu', 'active', 'student');

-- --------------------------------------------------------

--
-- Table structure for table `question`
--

DROP TABLE IF EXISTS `question`;
CREATE TABLE IF NOT EXISTS `question` (
  `questionid` int NOT NULL AUTO_INCREMENT,
  `question` varchar(300) NOT NULL,
  `timestamp` datetime NOT NULL DEFAULT CURRENT_TIMESTAMP,
  `answer` text,
  `loginid` int NOT NULL,
  `archived` enum('Yes','No') DEFAULT NULL,
  `catagories` int NOT NULL,
  PRIMARY KEY (`questionid`),
  KEY `FK_Login` (`loginid`),
  KEY `FK_Catagories` (`catagories`)
) ENGINE=InnoDB AUTO_INCREMENT=120 DEFAULT CHARSET=latin1;

--
-- Dumping data for table `question`
--

INSERT INTO `question` (`questionid`, `question`, `timestamp`, `answer`, `loginid`, `archived`, `catagories`) VALUES
(109, 'wadawdawdawdawddawdaawdawddwdaddw', '2021-05-11 08:59:06', NULL, 2, NULL, 1),
(110, 'wadawdawdawdawddawdaawdawddwdaddw', '2021-05-11 08:59:07', '', 2, NULL, 2),
(111, 'wadawdawdawdawddawdaawdawddwdaddw', '2021-05-11 08:59:10', NULL, 2, NULL, 1),
(112, 'lllllllllllllllllllllllllllllllllllllllllllllllllllllllllllllllllllllllllll', '2021-05-11 10:15:46', '', 1, NULL, 1),
(116, '0000000000000000000000000000000000000000000000000000000000000000', '2021-05-14 10:19:30', NULL, 2, NULL, 1),
(118, 'hello i have a question here an im looking for an answer1', '2021-05-14 10:19:58', NULL, 2, NULL, 1),
(119, 'uncategoriseduncategoriseduncategoriseduncategoriseduncategorised', '2021-05-14 10:20:46', NULL, 2, NULL, 8);

--
-- Constraints for dumped tables
--

--
-- Constraints for table `log`
--
ALTER TABLE `log`
  ADD CONSTRAINT `FK_LoginID` FOREIGN KEY (`loginid`) REFERENCES `login` (`loginid`);

--
-- Constraints for table `question`
--
ALTER TABLE `question`
  ADD CONSTRAINT `FK_Catagories` FOREIGN KEY (`catagories`) REFERENCES `catagories` (`catagoriesid`) ON DELETE CASCADE ON UPDATE CASCADE;
COMMIT;

/*!40101 SET CHARACTER_SET_CLIENT=@OLD_CHARACTER_SET_CLIENT */;
/*!40101 SET CHARACTER_SET_RESULTS=@OLD_CHARACTER_SET_RESULTS */;
/*!40101 SET COLLATION_CONNECTION=@OLD_COLLATION_CONNECTION */;
